[0.000000] (-) TimerEvent: {}
[0.000502] (turtlebot3_fake_node) JobQueued: {'identifier': 'turtlebot3_fake_node', 'dependencies': OrderedDict()}
[0.000563] (turtlebot3_gazebo) JobQueued: {'identifier': 'turtlebot3_gazebo', 'dependencies': OrderedDict()}
[0.000591] (turtlebot3_simulations) JobQueued: {'identifier': 'turtlebot3_simulations', 'dependencies': OrderedDict({'turtlebot3_fake_node': '/home/ali-suleiman/first_slam_project/install/turtlebot3_fake_node', 'turtlebot3_gazebo': '/home/ali-suleiman/first_slam_project/install/turtlebot3_gazebo'})}
[0.000632] (turtlebot3_fake_node) JobStarted: {'identifier': 'turtlebot3_fake_node'}
[0.009975] (turtlebot3_gazebo) JobStarted: {'identifier': 'turtlebot3_gazebo'}
[0.015862] (turtlebot3_fake_node) JobProgress: {'identifier': 'turtlebot3_fake_node', 'progress': 'cmake'}
[0.016620] (turtlebot3_fake_node) Command: {'cmd': ['/usr/bin/cmake', '/home/ali-suleiman/first_slam_project/src/turtlebot3_fake_node', '-DCMAKE_INSTALL_PREFIX=/home/ali-suleiman/first_slam_project/install/turtlebot3_fake_node'], 'cwd': '/home/ali-suleiman/first_slam_project/build/turtlebot3_fake_node', 'env': OrderedDict({'GJS_DEBUG_TOPICS': 'JS ERROR;JS LOG', 'XDG_ACTIVATION_TOKEN': 'gnome-shell/Terminator/9436-1-ali-suleiman-IdeaPad-Gaming-3-15IMH05_TIME1079827', 'LESSOPEN': '| /usr/bin/lesspipe %s', 'GZ_SIM_RESOURCE_PATH': '/opt/ros/jazzy/share:/usr/share/gz:/home/ali-suleiman/.gz/gazebo', 'USER': 'ali-suleiman', 'GZ_CONFIG_PATH': '/opt/ros/jazzy/opt/gz_sim_vendor/share/gz:/opt/ros/jazzy/opt/sdformat_vendor/share/gz:/opt/ros/jazzy/opt/gz_gui_vendor/share/gz:/opt/ros/jazzy/opt/gz_transport_vendor/share/gz:/opt/ros/jazzy/opt/gz_rendering_vendor/share/gz:/opt/ros/jazzy/opt/gz_plugin_vendor/share/gz:/opt/ros/jazzy/opt/gz_fuel_tools_vendor/share/gz:/opt/ros/jazzy/opt/gz_msgs_vendor/share/gz:/opt/ros/jazzy/opt/gz_common_vendor/share/gz', 'XDG_SESSION_TYPE': 'x11', 'CLUTTER_DISABLE_MIPMAPPED_TEXT': '1', 'SHLVL': '1', 'LD_LIBRARY_PATH': '/opt/ros/jazzy/opt/gz_sim_vendor/lib:/opt/ros/jazzy/opt/gz_sensors_vendor/lib:/opt/ros/jazzy/opt/gz_physics_vendor/lib:/opt/ros/jazzy/opt/sdformat_vendor/lib:/opt/ros/jazzy/opt/rviz_ogre_vendor/lib:/opt/ros/jazzy/lib/x86_64-linux-gnu:/opt/ros/jazzy/opt/gz_gui_vendor/lib:/opt/ros/jazzy/opt/gz_transport_vendor/lib:/opt/ros/jazzy/opt/gz_rendering_vendor/lib:/opt/ros/jazzy/opt/gz_plugin_vendor/lib:/opt/ros/jazzy/opt/gz_fuel_tools_vendor/lib:/opt/ros/jazzy/opt/gz_msgs_vendor/lib:/opt/ros/jazzy/opt/gz_common_vendor/lib:/opt/ros/jazzy/opt/gz_math_vendor/lib:/opt/ros/jazzy/opt/gz_utils_vendor/lib:/opt/ros/jazzy/opt/gz_tools_vendor/lib:/opt/ros/jazzy/opt/gz_ogre_next_vendor/lib:/opt/ros/jazzy/opt/gz_dartsim_vendor/lib:/opt/ros/jazzy/opt/gz_cmake_vendor/lib:/opt/ros/jazzy/lib:/home/ali-suleiman/.mujoco/mujoco-2.3.0/bin:/usr/lib/nvidia', 'HOME': '/home/ali-suleiman', 'OLDPWD': '/home/ali-suleiman/first_slam_project/src', 'DESKTOP_SESSION': 'ubuntu', 'GIO_LAUNCHED_DESKTOP_FILE': '/usr/share/applications/terminator.desktop', 'ROS_PYTHON_VERSION': '3', 'GNOME_SHELL_SESSION_MODE': 'ubuntu', 'GTK_MODULES': 'gail:atk-bridge', 'MANAGERPID': '7610', 'SYSTEMD_EXEC_PID': '9436', 'GSM_SKIP_SSH_AGENT_WORKAROUND': 'true', 'DBUS_SESSION_BUS_ADDRESS': 'unix:path=/run/user/1000/bus', 'COLORTERM': 'truecolor', 'TERMINATOR_DBUS_NAME': 'net.tenshu.Terminator23558193cd9818af7fe4d2c2f5bd9d00f', 'GIO_LAUNCHED_DESKTOP_FILE_PID': '108060', 'DEBUGINFOD_URLS': 'https://debuginfod.ubuntu.com', 'COLCON_PREFIX_PATH': '/home/ali-suleiman/slam_project/install', 'ROS_DISTRO': 'jazzy', 'LOGNAME': 'ali-suleiman', 'JOURNAL_STREAM': '9:34002', '_': '/usr/bin/colcon', 'ROS_VERSION': '2', 'MEMORY_PRESSURE_WATCH': '/sys/fs/cgroup/user.slice/user-1000.slice/user@1000.service/session.slice/org.gnome.Shell@x11.service/memory.pressure', 'XDG_SESSION_CLASS': 'user', 'USERNAME': 'ali-suleiman', 'TERM': 'xterm-256color', 'GAZEBO_MODEL_PATH': '/usr/share/gazebo-11/models:/home/ali-suleiman/.gazebo/models::/home/ali-suleiman/my_gazebo_world/worlds', 'GNOME_DESKTOP_SESSION_ID': 'this-is-deprecated', 'WINDOWPATH': '2', 'PATH': '/opt/ros/jazzy/opt/gz_msgs_vendor/bin:/opt/ros/jazzy/opt/gz_tools_vendor/bin:/opt/ros/jazzy/opt/gz_ogre_next_vendor/bin:/opt/ros/jazzy/bin:/usr/local/sbin:/usr/local/bin:/usr/sbin:/usr/bin:/sbin:/bin:/usr/games:/usr/local/games:/snap/bin:/snap/bin', 'SESSION_MANAGER': 'local/ali-suleiman-IdeaPad-Gaming-3-15IMH05:@/tmp/.ICE-unix/9303,unix/ali-suleiman-IdeaPad-Gaming-3-15IMH05:/tmp/.ICE-unix/9303', 'INVOCATION_ID': 'abfb634d324646159bd4931a9ceaa6be', 'GTK3_MODULES': 'xapp-gtk3-module', 'XDG_MENU_PREFIX': 'gnome-', 'MUJOCO_PATH': '/home/ali-suleiman/.mujoco/mujoco-2.3.0', 'XDG_RUNTIME_DIR': '/run/user/1000', 'DISPLAY': ':1', 'TERMINATOR_DBUS_PATH': '/net/tenshu/Terminator2', 'LANG': 'en_US.UTF-8', 'XDG_CURRENT_DESKTOP': 'ubuntu:GNOME', 'RMW_IMPLEMENTATION': 'rmw_cyclonedds_cpp', 'XMODIFIERS': '@im=ibus', 'XDG_SESSION_DESKTOP': 'ubuntu', 'XAUTHORITY': '/run/user/1000/gdm/Xauthority', 'LS_COLORS': 'rs=0:di=01;34:ln=01;36:mh=00:pi=40;33:so=01;35:do=01;35:bd=40;33;01:cd=40;33;01:or=40;31;01:mi=00:su=37;41:sg=30;43:ca=00:tw=30;42:ow=34;42:st=37;44:ex=01;32:*.tar=01;31:*.tgz=01;31:*.arc=01;31:*.arj=01;31:*.taz=01;31:*.lha=01;31:*.lz4=01;31:*.lzh=01;31:*.lzma=01;31:*.tlz=01;31:*.txz=01;31:*.tzo=01;31:*.t7z=01;31:*.zip=01;31:*.z=01;31:*.dz=01;31:*.gz=01;31:*.lrz=01;31:*.lz=01;31:*.lzo=01;31:*.xz=01;31:*.zst=01;31:*.tzst=01;31:*.bz2=01;31:*.bz=01;31:*.tbz=01;31:*.tbz2=01;31:*.tz=01;31:*.deb=01;31:*.rpm=01;31:*.jar=01;31:*.war=01;31:*.ear=01;31:*.sar=01;31:*.rar=01;31:*.alz=01;31:*.ace=01;31:*.zoo=01;31:*.cpio=01;31:*.7z=01;31:*.rz=01;31:*.cab=01;31:*.wim=01;31:*.swm=01;31:*.dwm=01;31:*.esd=01;31:*.avif=01;35:*.jpg=01;35:*.jpeg=01;35:*.mjpg=01;35:*.mjpeg=01;35:*.gif=01;35:*.bmp=01;35:*.pbm=01;35:*.pgm=01;35:*.ppm=01;35:*.tga=01;35:*.xbm=01;35:*.xpm=01;35:*.tif=01;35:*.tiff=01;35:*.png=01;35:*.svg=01;35:*.svgz=01;35:*.mng=01;35:*.pcx=01;35:*.mov=01;35:*.mpg=01;35:*.mpeg=01;35:*.m2v=01;35:*.mkv=01;35:*.webm=01;35:*.webp=01;35:*.ogm=01;35:*.mp4=01;35:*.m4v=01;35:*.mp4v=01;35:*.vob=01;35:*.qt=01;35:*.nuv=01;35:*.wmv=01;35:*.asf=01;35:*.rm=01;35:*.rmvb=01;35:*.flc=01;35:*.avi=01;35:*.fli=01;35:*.flv=01;35:*.gl=01;35:*.dl=01;35:*.xcf=01;35:*.xwd=01;35:*.yuv=01;35:*.cgm=01;35:*.emf=01;35:*.ogv=01;35:*.ogx=01;35:*.aac=00;36:*.au=00;36:*.flac=00;36:*.m4a=00;36:*.mid=00;36:*.midi=00;36:*.mka=00;36:*.mp3=00;36:*.mpc=00;36:*.ogg=00;36:*.ra=00;36:*.wav=00;36:*.oga=00;36:*.opus=00;36:*.spx=00;36:*.xspf=00;36:*~=00;90:*#=00;90:*.bak=00;90:*.crdownload=00;90:*.dpkg-dist=00;90:*.dpkg-new=00;90:*.dpkg-old=00;90:*.dpkg-tmp=00;90:*.old=00;90:*.orig=00;90:*.part=00;90:*.rej=00;90:*.rpmnew=00;90:*.rpmorig=00;90:*.rpmsave=00;90:*.swp=00;90:*.tmp=00;90:*.ucf-dist=00;90:*.ucf-new=00;90:*.ucf-old=00;90:', 'SSH_AUTH_SOCK': '/run/user/1000/keyring/ssh', 'AMENT_PREFIX_PATH': '/home/ali-suleiman/slam_project/install/turtlebot3_simulations:/home/ali-suleiman/slam_project/install/turtlebot3_gazebo:/home/ali-suleiman/slam_project/install/turtlebot3_fake_node:/opt/ros/jazzy', 'SHELL': '/bin/bash', 'TERMINATOR_UUID': 'urn:uuid:8a2fa994-5d15-4f53-9572-8bb63e069108', 'QT_ACCESSIBILITY': '1', 'GDMSESSION': 'ubuntu', 'LESSCLOSE': '/usr/bin/lesspipe %s %s', 'GPG_AGENT_INFO': '/run/user/1000/gnupg/S.gpg-agent:0:1', 'GJS_DEBUG_OUTPUT': 'stderr', 'ROS_AUTOMATIC_DISCOVERY_RANGE': 'SUBNET', 'QT_IM_MODULE': 'ibus', 'PWD': '/home/ali-suleiman/first_slam_project/build/turtlebot3_fake_node', 'TURTLEBOT3_MODEL': 'waffle', 'LC_ALL': 'en_US.UTF-8', 'XDG_CONFIG_DIRS': '/etc/xdg/xdg-ubuntu:/etc/xdg', 'XDG_DATA_DIRS': '/usr/share/ubuntu:/usr/share/gnome:/usr/local/share/:/usr/share/:/var/lib/snapd/desktop', 'PYTHONPATH': '/opt/ros/jazzy/lib/python3.12/site-packages', 'COLCON': '1', 'MEMORY_PRESSURE_WRITE': 'c29tZSAyMDAwMDAgMjAwMDAwMAA=', 'VTE_VERSION': '7600', 'CMAKE_PREFIX_PATH': '/home/ali-suleiman/slam_project/install/turtlebot3_simulations:/home/ali-suleiman/slam_project/install/turtlebot3_gazebo:/home/ali-suleiman/slam_project/install/turtlebot3_fake_node:/opt/ros/jazzy/opt/gz_sim_vendor:/opt/ros/jazzy/opt/gz_sensors_vendor:/opt/ros/jazzy/opt/gz_physics_vendor:/opt/ros/jazzy/opt/sdformat_vendor:/opt/ros/jazzy/opt/gz_gui_vendor:/opt/ros/jazzy/opt/gz_transport_vendor:/opt/ros/jazzy/opt/gz_rendering_vendor:/opt/ros/jazzy/opt/gz_plugin_vendor:/opt/ros/jazzy/opt/gz_fuel_tools_vendor:/opt/ros/jazzy/opt/gz_msgs_vendor:/opt/ros/jazzy/opt/gz_common_vendor:/opt/ros/jazzy/opt/gz_math_vendor:/opt/ros/jazzy/opt/gz_utils_vendor:/opt/ros/jazzy/opt/gz_tools_vendor:/opt/ros/jazzy/opt/gz_ogre_next_vendor:/opt/ros/jazzy/opt/gz_dartsim_vendor:/opt/ros/jazzy/opt/gz_cmake_vendor:/opt/ros/jazzy'}), 'shell': False}
[0.021529] (turtlebot3_gazebo) JobProgress: {'identifier': 'turtlebot3_gazebo', 'progress': 'cmake'}
[0.022567] (turtlebot3_gazebo) Command: {'cmd': ['/usr/bin/cmake', '/home/ali-suleiman/first_slam_project/src/turtlebot3_gazebo', '-DCMAKE_INSTALL_PREFIX=/home/ali-suleiman/first_slam_project/install/turtlebot3_gazebo'], 'cwd': '/home/ali-suleiman/first_slam_project/build/turtlebot3_gazebo', 'env': OrderedDict({'GJS_DEBUG_TOPICS': 'JS ERROR;JS LOG', 'XDG_ACTIVATION_TOKEN': 'gnome-shell/Terminator/9436-1-ali-suleiman-IdeaPad-Gaming-3-15IMH05_TIME1079827', 'LESSOPEN': '| /usr/bin/lesspipe %s', 'GZ_SIM_RESOURCE_PATH': '/opt/ros/jazzy/share:/usr/share/gz:/home/ali-suleiman/.gz/gazebo', 'USER': 'ali-suleiman', 'GZ_CONFIG_PATH': '/opt/ros/jazzy/opt/gz_sim_vendor/share/gz:/opt/ros/jazzy/opt/sdformat_vendor/share/gz:/opt/ros/jazzy/opt/gz_gui_vendor/share/gz:/opt/ros/jazzy/opt/gz_transport_vendor/share/gz:/opt/ros/jazzy/opt/gz_rendering_vendor/share/gz:/opt/ros/jazzy/opt/gz_plugin_vendor/share/gz:/opt/ros/jazzy/opt/gz_fuel_tools_vendor/share/gz:/opt/ros/jazzy/opt/gz_msgs_vendor/share/gz:/opt/ros/jazzy/opt/gz_common_vendor/share/gz', 'XDG_SESSION_TYPE': 'x11', 'CLUTTER_DISABLE_MIPMAPPED_TEXT': '1', 'SHLVL': '1', 'LD_LIBRARY_PATH': '/opt/ros/jazzy/opt/gz_sim_vendor/lib:/opt/ros/jazzy/opt/gz_sensors_vendor/lib:/opt/ros/jazzy/opt/gz_physics_vendor/lib:/opt/ros/jazzy/opt/sdformat_vendor/lib:/opt/ros/jazzy/opt/rviz_ogre_vendor/lib:/opt/ros/jazzy/lib/x86_64-linux-gnu:/opt/ros/jazzy/opt/gz_gui_vendor/lib:/opt/ros/jazzy/opt/gz_transport_vendor/lib:/opt/ros/jazzy/opt/gz_rendering_vendor/lib:/opt/ros/jazzy/opt/gz_plugin_vendor/lib:/opt/ros/jazzy/opt/gz_fuel_tools_vendor/lib:/opt/ros/jazzy/opt/gz_msgs_vendor/lib:/opt/ros/jazzy/opt/gz_common_vendor/lib:/opt/ros/jazzy/opt/gz_math_vendor/lib:/opt/ros/jazzy/opt/gz_utils_vendor/lib:/opt/ros/jazzy/opt/gz_tools_vendor/lib:/opt/ros/jazzy/opt/gz_ogre_next_vendor/lib:/opt/ros/jazzy/opt/gz_dartsim_vendor/lib:/opt/ros/jazzy/opt/gz_cmake_vendor/lib:/opt/ros/jazzy/lib:/home/ali-suleiman/.mujoco/mujoco-2.3.0/bin:/usr/lib/nvidia', 'HOME': '/home/ali-suleiman', 'OLDPWD': '/home/ali-suleiman/first_slam_project/src', 'DESKTOP_SESSION': 'ubuntu', 'GIO_LAUNCHED_DESKTOP_FILE': '/usr/share/applications/terminator.desktop', 'ROS_PYTHON_VERSION': '3', 'GNOME_SHELL_SESSION_MODE': 'ubuntu', 'GTK_MODULES': 'gail:atk-bridge', 'MANAGERPID': '7610', 'SYSTEMD_EXEC_PID': '9436', 'GSM_SKIP_SSH_AGENT_WORKAROUND': 'true', 'DBUS_SESSION_BUS_ADDRESS': 'unix:path=/run/user/1000/bus', 'COLORTERM': 'truecolor', 'TERMINATOR_DBUS_NAME': 'net.tenshu.Terminator23558193cd9818af7fe4d2c2f5bd9d00f', 'GIO_LAUNCHED_DESKTOP_FILE_PID': '108060', 'DEBUGINFOD_URLS': 'https://debuginfod.ubuntu.com', 'COLCON_PREFIX_PATH': '/home/ali-suleiman/slam_project/install', 'ROS_DISTRO': 'jazzy', 'LOGNAME': 'ali-suleiman', 'JOURNAL_STREAM': '9:34002', '_': '/usr/bin/colcon', 'ROS_VERSION': '2', 'MEMORY_PRESSURE_WATCH': '/sys/fs/cgroup/user.slice/user-1000.slice/user@1000.service/session.slice/org.gnome.Shell@x11.service/memory.pressure', 'XDG_SESSION_CLASS': 'user', 'USERNAME': 'ali-suleiman', 'TERM': 'xterm-256color', 'GAZEBO_MODEL_PATH': '/usr/share/gazebo-11/models:/home/ali-suleiman/.gazebo/models::/home/ali-suleiman/my_gazebo_world/worlds', 'GNOME_DESKTOP_SESSION_ID': 'this-is-deprecated', 'WINDOWPATH': '2', 'PATH': '/opt/ros/jazzy/opt/gz_msgs_vendor/bin:/opt/ros/jazzy/opt/gz_tools_vendor/bin:/opt/ros/jazzy/opt/gz_ogre_next_vendor/bin:/opt/ros/jazzy/bin:/usr/local/sbin:/usr/local/bin:/usr/sbin:/usr/bin:/sbin:/bin:/usr/games:/usr/local/games:/snap/bin:/snap/bin', 'SESSION_MANAGER': 'local/ali-suleiman-IdeaPad-Gaming-3-15IMH05:@/tmp/.ICE-unix/9303,unix/ali-suleiman-IdeaPad-Gaming-3-15IMH05:/tmp/.ICE-unix/9303', 'INVOCATION_ID': 'abfb634d324646159bd4931a9ceaa6be', 'GTK3_MODULES': 'xapp-gtk3-module', 'XDG_MENU_PREFIX': 'gnome-', 'MUJOCO_PATH': '/home/ali-suleiman/.mujoco/mujoco-2.3.0', 'XDG_RUNTIME_DIR': '/run/user/1000', 'DISPLAY': ':1', 'TERMINATOR_DBUS_PATH': '/net/tenshu/Terminator2', 'LANG': 'en_US.UTF-8', 'XDG_CURRENT_DESKTOP': 'ubuntu:GNOME', 'RMW_IMPLEMENTATION': 'rmw_cyclonedds_cpp', 'XMODIFIERS': '@im=ibus', 'XDG_SESSION_DESKTOP': 'ubuntu', 'XAUTHORITY': '/run/user/1000/gdm/Xauthority', 'LS_COLORS': 'rs=0:di=01;34:ln=01;36:mh=00:pi=40;33:so=01;35:do=01;35:bd=40;33;01:cd=40;33;01:or=40;31;01:mi=00:su=37;41:sg=30;43:ca=00:tw=30;42:ow=34;42:st=37;44:ex=01;32:*.tar=01;31:*.tgz=01;31:*.arc=01;31:*.arj=01;31:*.taz=01;31:*.lha=01;31:*.lz4=01;31:*.lzh=01;31:*.lzma=01;31:*.tlz=01;31:*.txz=01;31:*.tzo=01;31:*.t7z=01;31:*.zip=01;31:*.z=01;31:*.dz=01;31:*.gz=01;31:*.lrz=01;31:*.lz=01;31:*.lzo=01;31:*.xz=01;31:*.zst=01;31:*.tzst=01;31:*.bz2=01;31:*.bz=01;31:*.tbz=01;31:*.tbz2=01;31:*.tz=01;31:*.deb=01;31:*.rpm=01;31:*.jar=01;31:*.war=01;31:*.ear=01;31:*.sar=01;31:*.rar=01;31:*.alz=01;31:*.ace=01;31:*.zoo=01;31:*.cpio=01;31:*.7z=01;31:*.rz=01;31:*.cab=01;31:*.wim=01;31:*.swm=01;31:*.dwm=01;31:*.esd=01;31:*.avif=01;35:*.jpg=01;35:*.jpeg=01;35:*.mjpg=01;35:*.mjpeg=01;35:*.gif=01;35:*.bmp=01;35:*.pbm=01;35:*.pgm=01;35:*.ppm=01;35:*.tga=01;35:*.xbm=01;35:*.xpm=01;35:*.tif=01;35:*.tiff=01;35:*.png=01;35:*.svg=01;35:*.svgz=01;35:*.mng=01;35:*.pcx=01;35:*.mov=01;35:*.mpg=01;35:*.mpeg=01;35:*.m2v=01;35:*.mkv=01;35:*.webm=01;35:*.webp=01;35:*.ogm=01;35:*.mp4=01;35:*.m4v=01;35:*.mp4v=01;35:*.vob=01;35:*.qt=01;35:*.nuv=01;35:*.wmv=01;35:*.asf=01;35:*.rm=01;35:*.rmvb=01;35:*.flc=01;35:*.avi=01;35:*.fli=01;35:*.flv=01;35:*.gl=01;35:*.dl=01;35:*.xcf=01;35:*.xwd=01;35:*.yuv=01;35:*.cgm=01;35:*.emf=01;35:*.ogv=01;35:*.ogx=01;35:*.aac=00;36:*.au=00;36:*.flac=00;36:*.m4a=00;36:*.mid=00;36:*.midi=00;36:*.mka=00;36:*.mp3=00;36:*.mpc=00;36:*.ogg=00;36:*.ra=00;36:*.wav=00;36:*.oga=00;36:*.opus=00;36:*.spx=00;36:*.xspf=00;36:*~=00;90:*#=00;90:*.bak=00;90:*.crdownload=00;90:*.dpkg-dist=00;90:*.dpkg-new=00;90:*.dpkg-old=00;90:*.dpkg-tmp=00;90:*.old=00;90:*.orig=00;90:*.part=00;90:*.rej=00;90:*.rpmnew=00;90:*.rpmorig=00;90:*.rpmsave=00;90:*.swp=00;90:*.tmp=00;90:*.ucf-dist=00;90:*.ucf-new=00;90:*.ucf-old=00;90:', 'SSH_AUTH_SOCK': '/run/user/1000/keyring/ssh', 'AMENT_PREFIX_PATH': '/home/ali-suleiman/slam_project/install/turtlebot3_simulations:/home/ali-suleiman/slam_project/install/turtlebot3_gazebo:/home/ali-suleiman/slam_project/install/turtlebot3_fake_node:/opt/ros/jazzy', 'SHELL': '/bin/bash', 'TERMINATOR_UUID': 'urn:uuid:8a2fa994-5d15-4f53-9572-8bb63e069108', 'QT_ACCESSIBILITY': '1', 'GDMSESSION': 'ubuntu', 'LESSCLOSE': '/usr/bin/lesspipe %s %s', 'GPG_AGENT_INFO': '/run/user/1000/gnupg/S.gpg-agent:0:1', 'GJS_DEBUG_OUTPUT': 'stderr', 'ROS_AUTOMATIC_DISCOVERY_RANGE': 'SUBNET', 'QT_IM_MODULE': 'ibus', 'PWD': '/home/ali-suleiman/first_slam_project/build/turtlebot3_gazebo', 'TURTLEBOT3_MODEL': 'waffle', 'LC_ALL': 'en_US.UTF-8', 'XDG_CONFIG_DIRS': '/etc/xdg/xdg-ubuntu:/etc/xdg', 'XDG_DATA_DIRS': '/usr/share/ubuntu:/usr/share/gnome:/usr/local/share/:/usr/share/:/var/lib/snapd/desktop', 'PYTHONPATH': '/opt/ros/jazzy/lib/python3.12/site-packages', 'COLCON': '1', 'MEMORY_PRESSURE_WRITE': 'c29tZSAyMDAwMDAgMjAwMDAwMAA=', 'VTE_VERSION': '7600', 'CMAKE_PREFIX_PATH': '/home/ali-suleiman/slam_project/install/turtlebot3_simulations:/home/ali-suleiman/slam_project/install/turtlebot3_gazebo:/home/ali-suleiman/slam_project/install/turtlebot3_fake_node:/opt/ros/jazzy/opt/gz_sim_vendor:/opt/ros/jazzy/opt/gz_sensors_vendor:/opt/ros/jazzy/opt/gz_physics_vendor:/opt/ros/jazzy/opt/sdformat_vendor:/opt/ros/jazzy/opt/gz_gui_vendor:/opt/ros/jazzy/opt/gz_transport_vendor:/opt/ros/jazzy/opt/gz_rendering_vendor:/opt/ros/jazzy/opt/gz_plugin_vendor:/opt/ros/jazzy/opt/gz_fuel_tools_vendor:/opt/ros/jazzy/opt/gz_msgs_vendor:/opt/ros/jazzy/opt/gz_common_vendor:/opt/ros/jazzy/opt/gz_math_vendor:/opt/ros/jazzy/opt/gz_utils_vendor:/opt/ros/jazzy/opt/gz_tools_vendor:/opt/ros/jazzy/opt/gz_ogre_next_vendor:/opt/ros/jazzy/opt/gz_dartsim_vendor:/opt/ros/jazzy/opt/gz_cmake_vendor:/opt/ros/jazzy'}), 'shell': False}
[0.098459] (turtlebot3_gazebo) StdoutLine: {'line': b'-- The C compiler identification is GNU 13.3.0\n'}
[0.098812] (turtlebot3_fake_node) StdoutLine: {'line': b'-- The C compiler identification is GNU 13.3.0\n'}
[0.099340] (-) TimerEvent: {}
[0.174591] (turtlebot3_fake_node) StdoutLine: {'line': b'-- The CXX compiler identification is GNU 13.3.0\n'}
[0.174830] (turtlebot3_gazebo) StdoutLine: {'line': b'-- The CXX compiler identification is GNU 13.3.0\n'}
[0.194506] (turtlebot3_gazebo) StdoutLine: {'line': b'-- Detecting C compiler ABI info\n'}
[0.194808] (turtlebot3_fake_node) StdoutLine: {'line': b'-- Detecting C compiler ABI info\n'}
[0.199437] (-) TimerEvent: {}
[0.299753] (-) TimerEvent: {}
[0.313537] (turtlebot3_gazebo) StdoutLine: {'line': b'-- Detecting C compiler ABI info - done\n'}
[0.313769] (turtlebot3_fake_node) StdoutLine: {'line': b'-- Detecting C compiler ABI info - done\n'}
[0.326774] (turtlebot3_gazebo) StdoutLine: {'line': b'-- Check for working C compiler: /usr/bin/cc - skipped\n'}
[0.327099] (turtlebot3_gazebo) StdoutLine: {'line': b'-- Detecting C compile features\n'}
[0.327627] (turtlebot3_gazebo) StdoutLine: {'line': b'-- Detecting C compile features - done\n'}
[0.329559] (turtlebot3_fake_node) StdoutLine: {'line': b'-- Check for working C compiler: /usr/bin/cc - skipped\n'}
[0.329856] (turtlebot3_fake_node) StdoutLine: {'line': b'-- Detecting C compile features\n'}
[0.330397] (turtlebot3_fake_node) StdoutLine: {'line': b'-- Detecting C compile features - done\n'}
[0.341524] (turtlebot3_gazebo) StdoutLine: {'line': b'-- Detecting CXX compiler ABI info\n'}
[0.343848] (turtlebot3_fake_node) StdoutLine: {'line': b'-- Detecting CXX compiler ABI info\n'}
[0.399914] (-) TimerEvent: {}
[0.474999] (turtlebot3_fake_node) StdoutLine: {'line': b'-- Detecting CXX compiler ABI info - done\n'}
[0.475253] (turtlebot3_gazebo) StdoutLine: {'line': b'-- Detecting CXX compiler ABI info - done\n'}
[0.488514] (turtlebot3_gazebo) StdoutLine: {'line': b'-- Check for working CXX compiler: /usr/bin/c++ - skipped\n'}
[0.488796] (turtlebot3_gazebo) StdoutLine: {'line': b'-- Detecting CXX compile features\n'}
[0.489565] (turtlebot3_gazebo) StdoutLine: {'line': b'-- Detecting CXX compile features - done\n'}
[0.491064] (turtlebot3_fake_node) StdoutLine: {'line': b'-- Check for working CXX compiler: /usr/bin/c++ - skipped\n'}
[0.491425] (turtlebot3_fake_node) StdoutLine: {'line': b'-- Detecting CXX compile features\n'}
[0.492055] (turtlebot3_fake_node) StdoutLine: {'line': b'-- Detecting CXX compile features - done\n'}
[0.499065] (turtlebot3_gazebo) StdoutLine: {'line': b'-- Found ament_cmake: 2.5.4 (/opt/ros/jazzy/share/ament_cmake/cmake)\n'}
[0.499234] (turtlebot3_fake_node) StdoutLine: {'line': b'-- Found ament_cmake: 2.5.4 (/opt/ros/jazzy/share/ament_cmake/cmake)\n'}
[0.499979] (-) TimerEvent: {}
[0.600202] (-) TimerEvent: {}
[0.700477] (-) TimerEvent: {}
[0.722569] (turtlebot3_gazebo) StdoutLine: {'line': b'-- Found Python3: /usr/bin/python3 (found version "3.12.3") found components: Interpreter \n'}
[0.722795] (turtlebot3_fake_node) StdoutLine: {'line': b'-- Found Python3: /usr/bin/python3 (found version "3.12.3") found components: Interpreter \n'}
[0.800593] (-) TimerEvent: {}
[0.901025] (-) TimerEvent: {}
[0.922696] (turtlebot3_fake_node) StdoutLine: {'line': b'-- Found geometry_msgs: 5.3.6 (/opt/ros/jazzy/share/geometry_msgs/cmake)\n'}
[0.923020] (turtlebot3_gazebo) StdoutLine: {'line': b'-- Found ros_gz_sim: 1.0.16 (/opt/ros/jazzy/share/ros_gz_sim/cmake)\n'}
[1.001408] (-) TimerEvent: {}
[1.015069] (turtlebot3_fake_node) StdoutLine: {'line': b'-- Found rosidl_generator_c: 4.6.6 (/opt/ros/jazzy/share/rosidl_generator_c/cmake)\n'}
[1.015367] (turtlebot3_gazebo) StdoutLine: {'line': b'-- Found rosidl_generator_c: 4.6.6 (/opt/ros/jazzy/share/rosidl_generator_c/cmake)\n'}
[1.042976] (turtlebot3_fake_node) StdoutLine: {'line': b'-- Found rosidl_generator_cpp: 4.6.6 (/opt/ros/jazzy/share/rosidl_generator_cpp/cmake)\n'}
[1.043239] (turtlebot3_gazebo) StdoutLine: {'line': b'-- Found rosidl_generator_cpp: 4.6.6 (/opt/ros/jazzy/share/rosidl_generator_cpp/cmake)\n'}
[1.075574] (turtlebot3_gazebo) StdoutLine: {'line': b'-- Using all available rosidl_typesupport_c: rosidl_typesupport_fastrtps_c;rosidl_typesupport_introspection_c\n'}
[1.075792] (turtlebot3_fake_node) StdoutLine: {'line': b'-- Using all available rosidl_typesupport_c: rosidl_typesupport_fastrtps_c;rosidl_typesupport_introspection_c\n'}
[1.101525] (-) TimerEvent: {}
[1.113198] (turtlebot3_gazebo) StdoutLine: {'line': b'-- Using all available rosidl_typesupport_cpp: rosidl_typesupport_fastrtps_cpp;rosidl_typesupport_introspection_cpp\n'}
[1.113521] (turtlebot3_fake_node) StdoutLine: {'line': b'-- Using all available rosidl_typesupport_cpp: rosidl_typesupport_fastrtps_cpp;rosidl_typesupport_introspection_cpp\n'}
[1.199064] (turtlebot3_fake_node) StdoutLine: {'line': b'-- Found nav_msgs: 5.3.6 (/opt/ros/jazzy/share/nav_msgs/cmake)\n'}
[1.201639] (-) TimerEvent: {}
[1.260199] (turtlebot3_gazebo) StdoutLine: {'line': b'-- Found rmw_implementation_cmake: 7.3.2 (/opt/ros/jazzy/share/rmw_implementation_cmake/cmake)\n'}
[1.266974] (turtlebot3_gazebo) StdoutLine: {'line': b'-- Found rmw_cyclonedds_cpp: 2.2.3 (/opt/ros/jazzy/share/rmw_cyclonedds_cpp/cmake)\n'}
[1.267267] (turtlebot3_fake_node) StdoutLine: {'line': b'-- Found rclcpp: 28.1.13 (/opt/ros/jazzy/share/rclcpp/cmake)\n'}
[1.301777] (-) TimerEvent: {}
[1.325273] (turtlebot3_gazebo) StdoutLine: {'line': b"-- Using RMW implementation 'rmw_cyclonedds_cpp' as default\n"}
[1.355259] (turtlebot3_fake_node) StdoutLine: {'line': b'-- Found rmw_implementation_cmake: 7.3.2 (/opt/ros/jazzy/share/rmw_implementation_cmake/cmake)\n'}
[1.361598] (turtlebot3_fake_node) StdoutLine: {'line': b'-- Found rmw_cyclonedds_cpp: 2.2.3 (/opt/ros/jazzy/share/rmw_cyclonedds_cpp/cmake)\n'}
[1.401893] (-) TimerEvent: {}
[1.414997] (turtlebot3_fake_node) StdoutLine: {'line': b"-- Using RMW implementation 'rmw_cyclonedds_cpp' as default\n"}
[1.501995] (-) TimerEvent: {}
[1.527289] (turtlebot3_fake_node) StdoutLine: {'line': b'-- Found sensor_msgs: 5.3.6 (/opt/ros/jazzy/share/sensor_msgs/cmake)\n'}
[1.572404] (turtlebot3_fake_node) StdoutLine: {'line': b'-- Found tf2: 0.36.16 (/opt/ros/jazzy/share/tf2/cmake)\n'}
[1.582272] (turtlebot3_fake_node) StdoutLine: {'line': b'-- Found tf2_msgs: 0.36.16 (/opt/ros/jazzy/share/tf2_msgs/cmake)\n'}
[1.602111] (-) TimerEvent: {}
[1.696751] (turtlebot3_fake_node) StdoutLine: {'line': b'-- Found turtlebot3_msgs: 2.4.0 (/opt/ros/jazzy/share/turtlebot3_msgs/cmake)\n'}
[1.702202] (-) TimerEvent: {}
[1.747312] (turtlebot3_gazebo) StdoutLine: {'line': b'-- Found nav_msgs: 5.3.6 (/opt/ros/jazzy/share/nav_msgs/cmake)\n'}
[1.791700] (turtlebot3_gazebo) StdoutLine: {'line': b'-- Found sensor_msgs: 5.3.6 (/opt/ros/jazzy/share/sensor_msgs/cmake)\n'}
[1.802305] (-) TimerEvent: {}
[1.833154] (turtlebot3_gazebo) StdoutLine: {'line': b'-- Found gz_math_vendor: 0.0.8 (/opt/ros/jazzy/share/gz_math_vendor/cmake)\n'}
[1.848088] (turtlebot3_gazebo) StdoutLine: {'line': b'-- Looking for gz-math7 -- found version 7.5.2\n'}
[1.859817] (turtlebot3_gazebo) StdoutLine: {'line': b'-- Searching for dependencies of gz-math7\n'}
[1.862276] (turtlebot3_gazebo) StdoutLine: {'line': b'-- Looking for gz-utils2 -- found version 2.2.1\n'}
[1.862500] (turtlebot3_gazebo) StdoutLine: {'line': b'-- Searching for dependencies of gz-utils2\n'}
[1.869244] (turtlebot3_gazebo) StdoutLine: {'line': b'-- Found gz_sim_vendor: 0.0.9 (/opt/ros/jazzy/share/gz_sim_vendor/cmake)\n'}
[1.888500] (turtlebot3_fake_node) StdoutLine: {'line': b'-- Configuring done (1.9s)\n'}
[1.902403] (-) TimerEvent: {}
[1.909056] (turtlebot3_fake_node) StdoutLine: {'line': b'-- Generating done (0.0s)\n'}
[1.915178] (turtlebot3_fake_node) StdoutLine: {'line': b'-- Build files have been written to: /home/ali-suleiman/first_slam_project/build/turtlebot3_fake_node\n'}
[1.930645] (turtlebot3_fake_node) CommandEnded: {'returncode': 0}
[1.931457] (turtlebot3_fake_node) JobProgress: {'identifier': 'turtlebot3_fake_node', 'progress': 'build'}
[1.932453] (turtlebot3_fake_node) Command: {'cmd': ['/usr/bin/cmake', '--build', '/home/ali-suleiman/first_slam_project/build/turtlebot3_fake_node', '--', '-j12', '-l12'], 'cwd': '/home/ali-suleiman/first_slam_project/build/turtlebot3_fake_node', 'env': OrderedDict({'GJS_DEBUG_TOPICS': 'JS ERROR;JS LOG', 'XDG_ACTIVATION_TOKEN': 'gnome-shell/Terminator/9436-1-ali-suleiman-IdeaPad-Gaming-3-15IMH05_TIME1079827', 'LESSOPEN': '| /usr/bin/lesspipe %s', 'GZ_SIM_RESOURCE_PATH': '/opt/ros/jazzy/share:/usr/share/gz:/home/ali-suleiman/.gz/gazebo', 'USER': 'ali-suleiman', 'GZ_CONFIG_PATH': '/opt/ros/jazzy/opt/gz_sim_vendor/share/gz:/opt/ros/jazzy/opt/sdformat_vendor/share/gz:/opt/ros/jazzy/opt/gz_gui_vendor/share/gz:/opt/ros/jazzy/opt/gz_transport_vendor/share/gz:/opt/ros/jazzy/opt/gz_rendering_vendor/share/gz:/opt/ros/jazzy/opt/gz_plugin_vendor/share/gz:/opt/ros/jazzy/opt/gz_fuel_tools_vendor/share/gz:/opt/ros/jazzy/opt/gz_msgs_vendor/share/gz:/opt/ros/jazzy/opt/gz_common_vendor/share/gz', 'XDG_SESSION_TYPE': 'x11', 'CLUTTER_DISABLE_MIPMAPPED_TEXT': '1', 'SHLVL': '1', 'LD_LIBRARY_PATH': '/opt/ros/jazzy/opt/gz_sim_vendor/lib:/opt/ros/jazzy/opt/gz_sensors_vendor/lib:/opt/ros/jazzy/opt/gz_physics_vendor/lib:/opt/ros/jazzy/opt/sdformat_vendor/lib:/opt/ros/jazzy/opt/rviz_ogre_vendor/lib:/opt/ros/jazzy/lib/x86_64-linux-gnu:/opt/ros/jazzy/opt/gz_gui_vendor/lib:/opt/ros/jazzy/opt/gz_transport_vendor/lib:/opt/ros/jazzy/opt/gz_rendering_vendor/lib:/opt/ros/jazzy/opt/gz_plugin_vendor/lib:/opt/ros/jazzy/opt/gz_fuel_tools_vendor/lib:/opt/ros/jazzy/opt/gz_msgs_vendor/lib:/opt/ros/jazzy/opt/gz_common_vendor/lib:/opt/ros/jazzy/opt/gz_math_vendor/lib:/opt/ros/jazzy/opt/gz_utils_vendor/lib:/opt/ros/jazzy/opt/gz_tools_vendor/lib:/opt/ros/jazzy/opt/gz_ogre_next_vendor/lib:/opt/ros/jazzy/opt/gz_dartsim_vendor/lib:/opt/ros/jazzy/opt/gz_cmake_vendor/lib:/opt/ros/jazzy/lib:/home/ali-suleiman/.mujoco/mujoco-2.3.0/bin:/usr/lib/nvidia', 'HOME': '/home/ali-suleiman', 'OLDPWD': '/home/ali-suleiman/first_slam_project/src', 'DESKTOP_SESSION': 'ubuntu', 'GIO_LAUNCHED_DESKTOP_FILE': '/usr/share/applications/terminator.desktop', 'ROS_PYTHON_VERSION': '3', 'GNOME_SHELL_SESSION_MODE': 'ubuntu', 'GTK_MODULES': 'gail:atk-bridge', 'MANAGERPID': '7610', 'SYSTEMD_EXEC_PID': '9436', 'GSM_SKIP_SSH_AGENT_WORKAROUND': 'true', 'DBUS_SESSION_BUS_ADDRESS': 'unix:path=/run/user/1000/bus', 'COLORTERM': 'truecolor', 'TERMINATOR_DBUS_NAME': 'net.tenshu.Terminator23558193cd9818af7fe4d2c2f5bd9d00f', 'GIO_LAUNCHED_DESKTOP_FILE_PID': '108060', 'DEBUGINFOD_URLS': 'https://debuginfod.ubuntu.com', 'COLCON_PREFIX_PATH': '/home/ali-suleiman/slam_project/install', 'ROS_DISTRO': 'jazzy', 'LOGNAME': 'ali-suleiman', 'JOURNAL_STREAM': '9:34002', '_': '/usr/bin/colcon', 'ROS_VERSION': '2', 'MEMORY_PRESSURE_WATCH': '/sys/fs/cgroup/user.slice/user-1000.slice/user@1000.service/session.slice/org.gnome.Shell@x11.service/memory.pressure', 'XDG_SESSION_CLASS': 'user', 'USERNAME': 'ali-suleiman', 'TERM': 'xterm-256color', 'GAZEBO_MODEL_PATH': '/usr/share/gazebo-11/models:/home/ali-suleiman/.gazebo/models::/home/ali-suleiman/my_gazebo_world/worlds', 'GNOME_DESKTOP_SESSION_ID': 'this-is-deprecated', 'WINDOWPATH': '2', 'PATH': '/opt/ros/jazzy/opt/gz_msgs_vendor/bin:/opt/ros/jazzy/opt/gz_tools_vendor/bin:/opt/ros/jazzy/opt/gz_ogre_next_vendor/bin:/opt/ros/jazzy/bin:/usr/local/sbin:/usr/local/bin:/usr/sbin:/usr/bin:/sbin:/bin:/usr/games:/usr/local/games:/snap/bin:/snap/bin', 'SESSION_MANAGER': 'local/ali-suleiman-IdeaPad-Gaming-3-15IMH05:@/tmp/.ICE-unix/9303,unix/ali-suleiman-IdeaPad-Gaming-3-15IMH05:/tmp/.ICE-unix/9303', 'INVOCATION_ID': 'abfb634d324646159bd4931a9ceaa6be', 'GTK3_MODULES': 'xapp-gtk3-module', 'XDG_MENU_PREFIX': 'gnome-', 'MUJOCO_PATH': '/home/ali-suleiman/.mujoco/mujoco-2.3.0', 'XDG_RUNTIME_DIR': '/run/user/1000', 'DISPLAY': ':1', 'TERMINATOR_DBUS_PATH': '/net/tenshu/Terminator2', 'LANG': 'en_US.UTF-8', 'XDG_CURRENT_DESKTOP': 'ubuntu:GNOME', 'RMW_IMPLEMENTATION': 'rmw_cyclonedds_cpp', 'XMODIFIERS': '@im=ibus', 'XDG_SESSION_DESKTOP': 'ubuntu', 'XAUTHORITY': '/run/user/1000/gdm/Xauthority', 'LS_COLORS': 'rs=0:di=01;34:ln=01;36:mh=00:pi=40;33:so=01;35:do=01;35:bd=40;33;01:cd=40;33;01:or=40;31;01:mi=00:su=37;41:sg=30;43:ca=00:tw=30;42:ow=34;42:st=37;44:ex=01;32:*.tar=01;31:*.tgz=01;31:*.arc=01;31:*.arj=01;31:*.taz=01;31:*.lha=01;31:*.lz4=01;31:*.lzh=01;31:*.lzma=01;31:*.tlz=01;31:*.txz=01;31:*.tzo=01;31:*.t7z=01;31:*.zip=01;31:*.z=01;31:*.dz=01;31:*.gz=01;31:*.lrz=01;31:*.lz=01;31:*.lzo=01;31:*.xz=01;31:*.zst=01;31:*.tzst=01;31:*.bz2=01;31:*.bz=01;31:*.tbz=01;31:*.tbz2=01;31:*.tz=01;31:*.deb=01;31:*.rpm=01;31:*.jar=01;31:*.war=01;31:*.ear=01;31:*.sar=01;31:*.rar=01;31:*.alz=01;31:*.ace=01;31:*.zoo=01;31:*.cpio=01;31:*.7z=01;31:*.rz=01;31:*.cab=01;31:*.wim=01;31:*.swm=01;31:*.dwm=01;31:*.esd=01;31:*.avif=01;35:*.jpg=01;35:*.jpeg=01;35:*.mjpg=01;35:*.mjpeg=01;35:*.gif=01;35:*.bmp=01;35:*.pbm=01;35:*.pgm=01;35:*.ppm=01;35:*.tga=01;35:*.xbm=01;35:*.xpm=01;35:*.tif=01;35:*.tiff=01;35:*.png=01;35:*.svg=01;35:*.svgz=01;35:*.mng=01;35:*.pcx=01;35:*.mov=01;35:*.mpg=01;35:*.mpeg=01;35:*.m2v=01;35:*.mkv=01;35:*.webm=01;35:*.webp=01;35:*.ogm=01;35:*.mp4=01;35:*.m4v=01;35:*.mp4v=01;35:*.vob=01;35:*.qt=01;35:*.nuv=01;35:*.wmv=01;35:*.asf=01;35:*.rm=01;35:*.rmvb=01;35:*.flc=01;35:*.avi=01;35:*.fli=01;35:*.flv=01;35:*.gl=01;35:*.dl=01;35:*.xcf=01;35:*.xwd=01;35:*.yuv=01;35:*.cgm=01;35:*.emf=01;35:*.ogv=01;35:*.ogx=01;35:*.aac=00;36:*.au=00;36:*.flac=00;36:*.m4a=00;36:*.mid=00;36:*.midi=00;36:*.mka=00;36:*.mp3=00;36:*.mpc=00;36:*.ogg=00;36:*.ra=00;36:*.wav=00;36:*.oga=00;36:*.opus=00;36:*.spx=00;36:*.xspf=00;36:*~=00;90:*#=00;90:*.bak=00;90:*.crdownload=00;90:*.dpkg-dist=00;90:*.dpkg-new=00;90:*.dpkg-old=00;90:*.dpkg-tmp=00;90:*.old=00;90:*.orig=00;90:*.part=00;90:*.rej=00;90:*.rpmnew=00;90:*.rpmorig=00;90:*.rpmsave=00;90:*.swp=00;90:*.tmp=00;90:*.ucf-dist=00;90:*.ucf-new=00;90:*.ucf-old=00;90:', 'SSH_AUTH_SOCK': '/run/user/1000/keyring/ssh', 'AMENT_PREFIX_PATH': '/home/ali-suleiman/slam_project/install/turtlebot3_simulations:/home/ali-suleiman/slam_project/install/turtlebot3_gazebo:/home/ali-suleiman/slam_project/install/turtlebot3_fake_node:/opt/ros/jazzy', 'SHELL': '/bin/bash', 'TERMINATOR_UUID': 'urn:uuid:8a2fa994-5d15-4f53-9572-8bb63e069108', 'QT_ACCESSIBILITY': '1', 'GDMSESSION': 'ubuntu', 'LESSCLOSE': '/usr/bin/lesspipe %s %s', 'GPG_AGENT_INFO': '/run/user/1000/gnupg/S.gpg-agent:0:1', 'GJS_DEBUG_OUTPUT': 'stderr', 'ROS_AUTOMATIC_DISCOVERY_RANGE': 'SUBNET', 'QT_IM_MODULE': 'ibus', 'PWD': '/home/ali-suleiman/first_slam_project/build/turtlebot3_fake_node', 'TURTLEBOT3_MODEL': 'waffle', 'LC_ALL': 'en_US.UTF-8', 'XDG_CONFIG_DIRS': '/etc/xdg/xdg-ubuntu:/etc/xdg', 'XDG_DATA_DIRS': '/usr/share/ubuntu:/usr/share/gnome:/usr/local/share/:/usr/share/:/var/lib/snapd/desktop', 'PYTHONPATH': '/opt/ros/jazzy/lib/python3.12/site-packages', 'COLCON': '1', 'MEMORY_PRESSURE_WRITE': 'c29tZSAyMDAwMDAgMjAwMDAwMAA=', 'VTE_VERSION': '7600', 'CMAKE_PREFIX_PATH': '/home/ali-suleiman/slam_project/install/turtlebot3_simulations:/home/ali-suleiman/slam_project/install/turtlebot3_gazebo:/home/ali-suleiman/slam_project/install/turtlebot3_fake_node:/opt/ros/jazzy/opt/gz_sim_vendor:/opt/ros/jazzy/opt/gz_sensors_vendor:/opt/ros/jazzy/opt/gz_physics_vendor:/opt/ros/jazzy/opt/sdformat_vendor:/opt/ros/jazzy/opt/gz_gui_vendor:/opt/ros/jazzy/opt/gz_transport_vendor:/opt/ros/jazzy/opt/gz_rendering_vendor:/opt/ros/jazzy/opt/gz_plugin_vendor:/opt/ros/jazzy/opt/gz_fuel_tools_vendor:/opt/ros/jazzy/opt/gz_msgs_vendor:/opt/ros/jazzy/opt/gz_common_vendor:/opt/ros/jazzy/opt/gz_math_vendor:/opt/ros/jazzy/opt/gz_utils_vendor:/opt/ros/jazzy/opt/gz_tools_vendor:/opt/ros/jazzy/opt/gz_ogre_next_vendor:/opt/ros/jazzy/opt/gz_dartsim_vendor:/opt/ros/jazzy/opt/gz_cmake_vendor:/opt/ros/jazzy'}), 'shell': False}
[1.966666] (turtlebot3_gazebo) StdoutLine: {'line': b'-- Looking for gz-sim8 -- found version 8.10.0\n'}
[1.966925] (turtlebot3_gazebo) StdoutLine: {'line': b'-- Searching for dependencies of gz-sim8\n'}
[1.969790] (turtlebot3_gazebo) StdoutLine: {'line': b'-- Looking for sdformat14 -- found version 14.8.0\n'}
[1.970173] (turtlebot3_gazebo) StdoutLine: {'line': b'-- Searching for dependencies of sdformat14\n'}
[1.977937] (turtlebot3_gazebo) StdoutLine: {'line': b"-- Checking for module 'tinyxml2'\n"}
[1.997574] (turtlebot3_gazebo) StdoutLine: {'line': b'--   Found tinyxml2, version 10.0.0\n'}
[2.002517] (-) TimerEvent: {}
[2.003257] (turtlebot3_fake_node) StdoutLine: {'line': b'[ 50%] \x1b[32mBuilding CXX object CMakeFiles/turtlebot3_fake_node.dir/src/turtlebot3_fake_node.cpp.o\x1b[0m\n'}
[2.041538] (turtlebot3_gazebo) StdoutLine: {'line': b'-- Looking for gz-math7 -- found version 7.5.2\n'}
[2.042139] (turtlebot3_gazebo) StdoutLine: {'line': b'-- Looking for gz-utils2 -- found version 2.2.1\n'}
[2.042709] (turtlebot3_gazebo) StdoutLine: {'line': b'-- Searching for dependencies of gz-utils2\n'}
[2.042996] (turtlebot3_gazebo) StdoutLine: {'line': b'-- Searching for <gz-utils2> component [cli]\n'}
[2.046940] (turtlebot3_gazebo) StdoutLine: {'line': b'-- Looking for gz-utils2-cli -- found version 2.2.1\n'}
[2.047316] (turtlebot3_gazebo) StdoutLine: {'line': b'-- Searching for dependencies of gz-utils2-cli\n'}
[2.051947] (turtlebot3_gazebo) StdoutLine: {'line': b'-- Looking for gz-plugin2 -- found version 2.0.4\n'}
[2.052249] (turtlebot3_gazebo) StdoutLine: {'line': b'-- Searching for dependencies of gz-plugin2\n'}
[2.052811] (turtlebot3_gazebo) StdoutLine: {'line': b'-- Looking for gz-utils2 -- found version 2.2.1\n'}
[2.053802] (turtlebot3_gazebo) StdoutLine: {'line': b'-- Searching for <gz-plugin2> component [loader]\n'}
[2.057055] (turtlebot3_gazebo) StdoutLine: {'line': b'-- Looking for gz-plugin2-loader -- found version 2.0.4\n'}
[2.057426] (turtlebot3_gazebo) StdoutLine: {'line': b'-- Searching for dependencies of gz-plugin2-loader\n'}
[2.058395] (turtlebot3_gazebo) StdoutLine: {'line': b'-- Searching for <gz-plugin2> component [register]\n'}
[2.061691] (turtlebot3_gazebo) StdoutLine: {'line': b'-- Looking for gz-plugin2-register -- found version 2.0.4\n'}
[2.062011] (turtlebot3_gazebo) StdoutLine: {'line': b'-- Searching for dependencies of gz-plugin2-register\n'}
[2.065715] (turtlebot3_gazebo) StdoutLine: {'line': b'-- Looking for gz-transport13 -- found version 13.5.0\n'}
[2.066012] (turtlebot3_gazebo) StdoutLine: {'line': b'-- Searching for dependencies of gz-transport13\n'}
[2.102633] (-) TimerEvent: {}
[2.202974] (-) TimerEvent: {}
[2.239670] (turtlebot3_gazebo) StdoutLine: {'line': b'-- Found Protobuf: /usr/lib/x86_64-linux-gnu/libprotobuf.so (found version "3.21.12") \n'}
[2.261969] (turtlebot3_gazebo) StdoutLine: {'line': b'-- Config-file not installed for ZeroMQ -- checking for pkg-config\n'}
[2.267927] (turtlebot3_gazebo) StdoutLine: {'line': b"-- Checking for module 'libzmq >= 4'\n"}
[2.288150] (turtlebot3_gazebo) StdoutLine: {'line': b'--   Found libzmq, version 4.3.5\n'}
[2.303087] (-) TimerEvent: {}
[2.343830] (turtlebot3_gazebo) StdoutLine: {'line': b'-- Found ZeroMQ: TRUE (Required is at least version "4") \n'}
[2.353315] (turtlebot3_gazebo) StdoutLine: {'line': b"-- Checking for module 'uuid'\n"}
[2.374616] (turtlebot3_gazebo) StdoutLine: {'line': b'--   Found uuid, version 2.39.3\n'}
[2.403185] (-) TimerEvent: {}
[2.443753] (turtlebot3_gazebo) StdoutLine: {'line': b'-- Found UUID: TRUE  \n'}
[2.446289] (turtlebot3_gazebo) StdoutLine: {'line': b'-- Looking for gz-utils2 -- found version 2.2.1\n'}
[2.449681] (turtlebot3_gazebo) StdoutLine: {'line': b'-- Looking for gz-msgs10 -- found version 10.3.2\n'}
[2.450276] (turtlebot3_gazebo) StdoutLine: {'line': b'-- Searching for dependencies of gz-msgs10\n'}
[2.496712] (turtlebot3_gazebo) StdoutLine: {'line': b'-- Looking for gz-utils2 -- found version 2.2.1\n'}
[2.497236] (turtlebot3_gazebo) StdoutLine: {'line': b'-- Looking for gz-math7 -- found version 7.5.2\n'}
[2.503308] (-) TimerEvent: {}
[2.512533] (turtlebot3_gazebo) StdoutLine: {'line': b'-- Searching for <gz-transport13> component [log]\n'}
[2.515486] (turtlebot3_gazebo) StdoutLine: {'line': b'-- Looking for gz-transport13-log -- found version 13.5.0\n'}
[2.515739] (turtlebot3_gazebo) StdoutLine: {'line': b'-- Searching for dependencies of gz-transport13-log\n'}
[2.516719] (turtlebot3_gazebo) StdoutLine: {'line': b'-- Searching for <gz-transport13> component [parameters]\n'}
[2.520747] (turtlebot3_gazebo) StdoutLine: {'line': b'-- Looking for gz-transport13-parameters -- found version 13.5.0\n'}
[2.521271] (turtlebot3_gazebo) StdoutLine: {'line': b'-- Searching for dependencies of gz-transport13-parameters\n'}
[2.523421] (turtlebot3_gazebo) StdoutLine: {'line': b'-- Looking for gz-msgs10 -- found version 10.3.2\n'}
[2.527079] (turtlebot3_gazebo) StdoutLine: {'line': b'-- Looking for gz-common5 -- found version 5.7.1\n'}
[2.527471] (turtlebot3_gazebo) StdoutLine: {'line': b'-- Searching for dependencies of gz-common5\n'}
[2.527900] (turtlebot3_gazebo) StdoutLine: {'line': b'-- Looking for gz-utils2 -- found version 2.2.1\n'}
[2.528973] (turtlebot3_gazebo) StdoutLine: {'line': b'-- Looking for dlfcn.h - found\n'}
[2.532303] (turtlebot3_gazebo) StdoutLine: {'line': b'-- Looking for libdl - found\n'}
[2.534402] (turtlebot3_gazebo) StdoutLine: {'line': b'-- Found DL: TRUE  \n'}
[2.545184] (turtlebot3_gazebo) StdoutLine: {'line': b'-- Searching for <gz-common5> component [av]\n'}
[2.548867] (turtlebot3_gazebo) StdoutLine: {'line': b'-- Looking for gz-common5-av -- found version 5.7.1\n'}
[2.549281] (turtlebot3_gazebo) StdoutLine: {'line': b'-- Searching for dependencies of gz-common5-av\n'}
[2.557134] (turtlebot3_gazebo) StdoutLine: {'line': b"-- Checking for module 'libswscale'\n"}
[2.579442] (turtlebot3_gazebo) StdoutLine: {'line': b'--   Found libswscale, version 7.5.100\n'}
[2.603425] (-) TimerEvent: {}
[2.630666] (turtlebot3_gazebo) StdoutLine: {'line': b'-- Found SWSCALE: TRUE  \n'}
[2.639940] (turtlebot3_gazebo) StdoutLine: {'line': b"-- Checking for module 'libavdevice >= 56.4.100'\n"}
[2.665620] (turtlebot3_gazebo) StdoutLine: {'line': b'--   Found libavdevice, version 60.3.100\n'}
[2.703522] (-) TimerEvent: {}
[2.733428] (turtlebot3_gazebo) StdoutLine: {'line': b'-- Found AVDEVICE: TRUE (Required is at least version "56.4.100") \n'}
[2.748600] (turtlebot3_gazebo) StdoutLine: {'line': b"-- Checking for module 'libavformat'\n"}
[2.773044] (turtlebot3_gazebo) StdoutLine: {'line': b'--   Found libavformat, version 60.16.100\n'}
[2.803627] (-) TimerEvent: {}
[2.829931] (turtlebot3_gazebo) StdoutLine: {'line': b'-- Found AVFORMAT: TRUE  \n'}
[2.837558] (turtlebot3_gazebo) StdoutLine: {'line': b"-- Checking for module 'libavcodec'\n"}
[2.861172] (turtlebot3_gazebo) StdoutLine: {'line': b'--   Found libavcodec, version 60.31.102\n'}
[2.903754] (-) TimerEvent: {}
[2.912895] (turtlebot3_gazebo) StdoutLine: {'line': b'-- Found AVCODEC: TRUE  \n'}
[2.920615] (turtlebot3_gazebo) StdoutLine: {'line': b"-- Checking for module 'libavutil'\n"}
[2.946113] (turtlebot3_gazebo) StdoutLine: {'line': b'--   Found libavutil, version 58.29.100\n'}
[2.994182] (turtlebot3_gazebo) StdoutLine: {'line': b'-- Found AVUTIL: TRUE  \n'}
[2.995314] (turtlebot3_gazebo) StdoutLine: {'line': b'-- Searching for <gz-common5> component [events]\n'}
[2.999137] (turtlebot3_gazebo) StdoutLine: {'line': b'-- Looking for gz-common5-events -- found version 5.7.1\n'}
[2.999500] (turtlebot3_gazebo) StdoutLine: {'line': b'-- Searching for dependencies of gz-common5-events\n'}
[3.000107] (turtlebot3_gazebo) StdoutLine: {'line': b'-- Looking for gz-math7 -- found version 7.5.2\n'}
[3.001143] (turtlebot3_gazebo) StdoutLine: {'line': b'-- Searching for <gz-common5> component [graphics]\n'}
[3.003871] (-) TimerEvent: {}
[3.006505] (turtlebot3_gazebo) StdoutLine: {'line': b'-- Looking for gz-common5-graphics -- found version 5.7.1\n'}
[3.007047] (turtlebot3_gazebo) StdoutLine: {'line': b'-- Searching for dependencies of gz-common5-graphics\n'}
[3.007740] (turtlebot3_gazebo) StdoutLine: {'line': b'-- Looking for gz-math7 -- found version 7.5.2\n'}
[3.016989] (turtlebot3_gazebo) StdoutLine: {'line': b'-- Found GzAssimp: TRUE (found version "5.3.0") \n'}
[3.018082] (turtlebot3_gazebo) StdoutLine: {'line': b'-- Searching for <gz-common5> component [io]\n'}
[3.022414] (turtlebot3_gazebo) StdoutLine: {'line': b'-- Looking for gz-common5-io -- found version 5.7.1\n'}
[3.022731] (turtlebot3_gazebo) StdoutLine: {'line': b'-- Searching for dependencies of gz-common5-io\n'}
[3.024131] (turtlebot3_gazebo) StdoutLine: {'line': b'-- Searching for <gz-common5> component [profiler]\n'}
[3.029049] (turtlebot3_gazebo) StdoutLine: {'line': b'-- Looking for gz-common5-profiler -- found version 5.7.1\n'}
[3.029401] (turtlebot3_gazebo) StdoutLine: {'line': b'-- Searching for dependencies of gz-common5-profiler\n'}
[3.033584] (turtlebot3_gazebo) StdoutLine: {'line': b'-- Looking for gz-fuel_tools9 -- found version 9.1.1\n'}
[3.033779] (turtlebot3_gazebo) StdoutLine: {'line': b'-- Searching for dependencies of gz-fuel_tools9\n'}
[3.103972] (-) TimerEvent: {}
[3.178147] (turtlebot3_gazebo) StdoutLine: {'line': b'-- Found CURL: /usr/lib/x86_64-linux-gnu/libcurl.so (found version "8.5.0")  \n'}
[3.194547] (turtlebot3_gazebo) StdoutLine: {'line': b"-- Checking for module 'jsoncpp'\n"}
[3.204097] (-) TimerEvent: {}
[3.217598] (turtlebot3_gazebo) StdoutLine: {'line': b'--   Found jsoncpp, version 1.9.5\n'}
[3.267338] (turtlebot3_gazebo) StdoutLine: {'line': b'-- Found JSONCPP: TRUE  \n'}
[3.295295] (turtlebot3_gazebo) StdoutLine: {'line': b"-- Checking for module 'yaml-0.1'\n"}
[3.304208] (-) TimerEvent: {}
[3.318798] (turtlebot3_gazebo) StdoutLine: {'line': b'--   Found yaml-0.1, version 0.2.5\n'}
[3.370276] (turtlebot3_gazebo) StdoutLine: {'line': b'-- Found YAML: TRUE  \n'}
[3.378268] (turtlebot3_gazebo) StdoutLine: {'line': b"-- Checking for module 'libzip'\n"}
[3.401708] (turtlebot3_gazebo) StdoutLine: {'line': b'--   Found libzip, version 1.7.3\n'}
[3.404313] (-) TimerEvent: {}
[3.451433] (turtlebot3_gazebo) StdoutLine: {'line': b'-- Found ZIP: TRUE  \n'}
[3.452549] (turtlebot3_gazebo) StdoutLine: {'line': b'-- Looking for gz-utils2 -- found version 2.2.1\n'}
[3.453306] (turtlebot3_gazebo) StdoutLine: {'line': b'-- Looking for gz-common5 -- found version 5.7.1\n'}
[3.453670] (turtlebot3_gazebo) StdoutLine: {'line': b'-- Searching for dependencies of gz-common5\n'}
[3.454283] (turtlebot3_gazebo) StdoutLine: {'line': b'-- Looking for gz-utils2 -- found version 2.2.1\n'}
[3.454657] (turtlebot3_gazebo) StdoutLine: {'line': b'-- Looking for dlfcn.h - found\n'}
[3.454843] (turtlebot3_gazebo) StdoutLine: {'line': b'-- Looking for libdl - found\n'}
[3.465486] (turtlebot3_gazebo) StdoutLine: {'line': b'-- Searching for <gz-common5> component [testing]\n'}
[3.469247] (turtlebot3_gazebo) StdoutLine: {'line': b'-- Looking for gz-common5-testing -- found version 5.7.1\n'}
[3.469595] (turtlebot3_gazebo) StdoutLine: {'line': b'-- Searching for dependencies of gz-common5-testing\n'}
[3.471356] (turtlebot3_gazebo) StdoutLine: {'line': b'-- Looking for gz-math7 -- found version 7.5.2\n'}
[3.472048] (turtlebot3_gazebo) StdoutLine: {'line': b'-- Looking for gz-msgs10 -- found version 10.3.2\n'}
[3.476245] (turtlebot3_gazebo) StdoutLine: {'line': b'-- Looking for gz-gui8 -- found version 8.4.0\n'}
[3.476551] (turtlebot3_gazebo) StdoutLine: {'line': b'-- Searching for dependencies of gz-gui8\n'}
[3.504417] (-) TimerEvent: {}
[3.517175] (turtlebot3_gazebo) StdoutLine: {'line': b'-- Looking for gz-utils2 -- found version 2.2.1\n'}
[3.517747] (turtlebot3_gazebo) StdoutLine: {'line': b'-- Looking for gz-math7 -- found version 7.5.2\n'}
[3.518551] (turtlebot3_gazebo) StdoutLine: {'line': b'-- Looking for gz-common5 -- found version 5.7.1\n'}
[3.519401] (turtlebot3_gazebo) StdoutLine: {'line': b'-- Looking for gz-plugin2 -- found version 2.0.4\n'}
[3.519979] (turtlebot3_gazebo) StdoutLine: {'line': b'-- Looking for gz-transport13 -- found version 13.5.0\n'}
[3.523302] (turtlebot3_gazebo) StdoutLine: {'line': b'-- Looking for gz-rendering8 -- found version 8.2.2\n'}
[3.523589] (turtlebot3_gazebo) StdoutLine: {'line': b'-- Searching for dependencies of gz-rendering8\n'}
[3.524082] (turtlebot3_gazebo) StdoutLine: {'line': b'-- Looking for gz-math7 -- found version 7.5.2\n'}
[3.524437] (turtlebot3_gazebo) StdoutLine: {'line': b'-- Searching for dependencies of gz-math7\n'}
[3.524864] (turtlebot3_gazebo) StdoutLine: {'line': b'-- Looking for gz-utils2 -- found version 2.2.1\n'}
[3.525237] (turtlebot3_gazebo) StdoutLine: {'line': b'-- Searching for <gz-math7> component [eigen3]\n'}
[3.529188] (turtlebot3_gazebo) StdoutLine: {'line': b'-- Looking for gz-math7-eigen3 -- found version 7.5.2\n'}
[3.529520] (turtlebot3_gazebo) StdoutLine: {'line': b'-- Searching for dependencies of gz-math7-eigen3\n'}
[3.545751] (turtlebot3_gazebo) StdoutLine: {'line': b'-- Looking for gz-common5 -- found version 5.7.1\n'}
[3.546003] (turtlebot3_gazebo) StdoutLine: {'line': b'-- Searching for dependencies of gz-common5\n'}
[3.546463] (turtlebot3_gazebo) StdoutLine: {'line': b'-- Looking for gz-utils2 -- found version 2.2.1\n'}
[3.546724] (turtlebot3_gazebo) StdoutLine: {'line': b'-- Looking for dlfcn.h - found\n'}
[3.546862] (turtlebot3_gazebo) StdoutLine: {'line': b'-- Looking for libdl - found\n'}
[3.558004] (turtlebot3_gazebo) StdoutLine: {'line': b'-- Searching for <gz-common5> component [graphics]\n'}
[3.558293] (turtlebot3_gazebo) StdoutLine: {'line': b'-- Searching for <gz-common5> component [events]\n'}
[3.558407] (turtlebot3_gazebo) StdoutLine: {'line': b'-- Searching for <gz-common5> component [geospatial]\n'}
[3.561599] (turtlebot3_gazebo) StdoutLine: {'line': b'-- Looking for gz-common5-geospatial -- found version 5.7.1\n'}
[3.561793] (turtlebot3_gazebo) StdoutLine: {'line': b'-- Searching for dependencies of gz-common5-geospatial\n'}
[3.562425] (turtlebot3_gazebo) StdoutLine: {'line': b'-- Looking for gz-math7 -- found version 7.5.2\n'}
[3.562990] (turtlebot3_gazebo) StdoutLine: {'line': b'-- Looking for gz-common5 -- found version 5.7.1\n'}
[3.564618] (turtlebot3_gazebo) StdoutLine: {'line': b'-- Looking for gz-plugin2 -- found version 2.0.4\n'}
[3.564875] (turtlebot3_gazebo) StdoutLine: {'line': b'-- Searching for dependencies of gz-plugin2\n'}
[3.565437] (turtlebot3_gazebo) StdoutLine: {'line': b'-- Looking for gz-utils2 -- found version 2.2.1\n'}
[3.565650] (turtlebot3_gazebo) StdoutLine: {'line': b'-- Searching for <gz-plugin2> component [all]\n'}
[3.568981] (turtlebot3_gazebo) StdoutLine: {'line': b'-- Looking for all libraries of gz-plugin2 -- found version 2.0.4\n'}
[3.569727] (turtlebot3_gazebo) StdoutLine: {'line': b'-- Looking for gz-plugin2 -- found version 2.0.4\n'}
[3.571276] (turtlebot3_gazebo) StdoutLine: {'line': b'-- Looking for gz-utils2 -- found version 2.2.1\n'}
[3.595030] (turtlebot3_gazebo) StdoutLine: {'line': b'-- Found OpenGL: /usr/lib/x86_64-linux-gnu/libOpenGL.so  found components: OpenGL \n'}
[3.597048] (turtlebot3_gazebo) StdoutLine: {'line': b'-- Looking for gz-msgs10 -- found version 10.3.2\n'}
[3.604509] (-) TimerEvent: {}
[3.644104] (turtlebot3_gazebo) StdoutLine: {'line': b'-- Looking for gz-physics7 -- found version 7.6.0\n'}
[3.644486] (turtlebot3_gazebo) StdoutLine: {'line': b'-- Searching for dependencies of gz-physics7\n'}
[3.644891] (turtlebot3_gazebo) StdoutLine: {'line': b'-- Looking for gz-common5 -- found version 5.7.1\n'}
[3.645487] (turtlebot3_gazebo) StdoutLine: {'line': b'-- Looking for gz-math7 -- found version 7.5.2\n'}
[3.646050] (turtlebot3_gazebo) StdoutLine: {'line': b'-- Looking for gz-plugin2 -- found version 2.0.4\n'}
[3.646588] (turtlebot3_gazebo) StdoutLine: {'line': b'-- Looking for gz-utils2 -- found version 2.2.1\n'}
[3.648558] (turtlebot3_gazebo) StdoutLine: {'line': b'-- Searching for <gz-physics7> component [heightmap]\n'}
[3.651237] (turtlebot3_gazebo) StdoutLine: {'line': b'-- Looking for gz-physics7-heightmap -- found version 7.6.0\n'}
[3.651490] (turtlebot3_gazebo) StdoutLine: {'line': b'-- Searching for dependencies of gz-physics7-heightmap\n'}
[3.652022] (turtlebot3_gazebo) StdoutLine: {'line': b'-- Looking for gz-common5 -- found version 5.7.1\n'}
[3.652843] (turtlebot3_gazebo) StdoutLine: {'line': b'-- Searching for <gz-physics7> component [mesh]\n'}
[3.655596] (turtlebot3_gazebo) StdoutLine: {'line': b'-- Looking for gz-physics7-mesh -- found version 7.6.0\n'}
[3.655876] (turtlebot3_gazebo) StdoutLine: {'line': b'-- Searching for dependencies of gz-physics7-mesh\n'}
[3.656464] (turtlebot3_gazebo) StdoutLine: {'line': b'-- Looking for gz-common5 -- found version 5.7.1\n'}
[3.657251] (turtlebot3_gazebo) StdoutLine: {'line': b'-- Searching for <gz-physics7> component [sdf]\n'}
[3.659782] (turtlebot3_gazebo) StdoutLine: {'line': b'-- Looking for gz-physics7-sdf -- found version 7.6.0\n'}
[3.660006] (turtlebot3_gazebo) StdoutLine: {'line': b'-- Searching for dependencies of gz-physics7-sdf\n'}
[3.660677] (turtlebot3_gazebo) StdoutLine: {'line': b'-- Looking for sdformat14 -- found version 14.8.0\n'}
[3.663966] (turtlebot3_gazebo) StdoutLine: {'line': b'-- Looking for gz-sensors8 -- found version 8.2.2\n'}
[3.664112] (turtlebot3_gazebo) StdoutLine: {'line': b'-- Searching for dependencies of gz-sensors8\n'}
[3.696688] (turtlebot3_gazebo) StdoutLine: {'line': b'-- Looking for gz-math7 -- found version 7.5.2\n'}
[3.697254] (turtlebot3_gazebo) StdoutLine: {'line': b'-- Looking for gz-common5 -- found version 5.7.1\n'}
[3.697860] (turtlebot3_gazebo) StdoutLine: {'line': b'-- Looking for gz-transport13 -- found version 13.5.0\n'}
[3.698458] (turtlebot3_gazebo) StdoutLine: {'line': b'-- Looking for gz-rendering8 -- found version 8.2.2\n'}
[3.699043] (turtlebot3_gazebo) StdoutLine: {'line': b'-- Looking for gz-msgs10 -- found version 10.3.2\n'}
[3.699631] (turtlebot3_gazebo) StdoutLine: {'line': b'-- Looking for sdformat14 -- found version 14.8.0\n'}
[3.700587] (turtlebot3_gazebo) StdoutLine: {'line': b'-- Searching for <gz-sensors8> component [air_pressure]\n'}
[3.703378] (turtlebot3_gazebo) StdoutLine: {'line': b'-- Looking for gz-sensors8-air_pressure -- found version 8.2.2\n'}
[3.703684] (turtlebot3_gazebo) StdoutLine: {'line': b'-- Searching for dependencies of gz-sensors8-air_pressure\n'}
[3.704551] (turtlebot3_gazebo) StdoutLine: {'line': b'-- Searching for <gz-sensors8> component [air_speed]\n'}
[3.704787] (-) TimerEvent: {}
[3.707705] (turtlebot3_gazebo) StdoutLine: {'line': b'-- Looking for gz-sensors8-air_speed -- found version 8.2.2\n'}
[3.708076] (turtlebot3_gazebo) StdoutLine: {'line': b'-- Searching for dependencies of gz-sensors8-air_speed\n'}
[3.711454] (turtlebot3_gazebo) StdoutLine: {'line': b'-- Searching for <gz-sensors8> component [altimeter]\n'}
[3.713999] (turtlebot3_gazebo) StdoutLine: {'line': b'-- Looking for gz-sensors8-altimeter -- found version 8.2.2\n'}
[3.714191] (turtlebot3_gazebo) StdoutLine: {'line': b'-- Searching for dependencies of gz-sensors8-altimeter\n'}
[3.715132] (turtlebot3_gazebo) StdoutLine: {'line': b'-- Searching for <gz-sensors8> component [imu]\n'}
[3.717466] (turtlebot3_gazebo) StdoutLine: {'line': b'-- Looking for gz-sensors8-imu -- found version 8.2.2\n'}
[3.717730] (turtlebot3_gazebo) StdoutLine: {'line': b'-- Searching for dependencies of gz-sensors8-imu\n'}
[3.718852] (turtlebot3_gazebo) StdoutLine: {'line': b'-- Searching for <gz-sensors8> component [force_torque]\n'}
[3.721569] (turtlebot3_gazebo) StdoutLine: {'line': b'-- Looking for gz-sensors8-force_torque -- found version 8.2.2\n'}
[3.721901] (turtlebot3_gazebo) StdoutLine: {'line': b'-- Searching for dependencies of gz-sensors8-force_torque\n'}
[3.722631] (turtlebot3_gazebo) StdoutLine: {'line': b'-- Searching for <gz-sensors8> component [logical_camera]\n'}
[3.725230] (turtlebot3_gazebo) StdoutLine: {'line': b'-- Looking for gz-sensors8-logical_camera -- found version 8.2.2\n'}
[3.725475] (turtlebot3_gazebo) StdoutLine: {'line': b'-- Searching for dependencies of gz-sensors8-logical_camera\n'}
[3.726501] (turtlebot3_gazebo) StdoutLine: {'line': b'-- Searching for <gz-sensors8> component [magnetometer]\n'}
[3.729368] (turtlebot3_gazebo) StdoutLine: {'line': b'-- Looking for gz-sensors8-magnetometer -- found version 8.2.2\n'}
[3.729615] (turtlebot3_gazebo) StdoutLine: {'line': b'-- Searching for dependencies of gz-sensors8-magnetometer\n'}
[3.730510] (turtlebot3_gazebo) StdoutLine: {'line': b'-- Searching for <gz-sensors8> component [navsat]\n'}
[3.732893] (turtlebot3_gazebo) StdoutLine: {'line': b'-- Looking for gz-sensors8-navsat -- found version 8.2.2\n'}
[3.733102] (turtlebot3_gazebo) StdoutLine: {'line': b'-- Searching for dependencies of gz-sensors8-navsat\n'}
[3.733998] (turtlebot3_gazebo) StdoutLine: {'line': b'-- Searching for <gz-sensors8> component [dvl]\n'}
[3.736704] (turtlebot3_gazebo) StdoutLine: {'line': b'-- Looking for gz-sensors8-dvl -- found version 8.2.2\n'}
[3.737019] (turtlebot3_gazebo) StdoutLine: {'line': b'-- Searching for dependencies of gz-sensors8-dvl\n'}
[3.737432] (turtlebot3_gazebo) StdoutLine: {'line': b'-- Looking for gz-sensors8 -- found version 8.2.2\n'}
[3.737690] (turtlebot3_gazebo) StdoutLine: {'line': b'-- Searching for dependencies of gz-sensors8\n'}
[3.769743] (turtlebot3_gazebo) StdoutLine: {'line': b'-- Looking for gz-math7 -- found version 7.5.2\n'}
[3.770309] (turtlebot3_gazebo) StdoutLine: {'line': b'-- Looking for gz-common5 -- found version 5.7.1\n'}
[3.770907] (turtlebot3_gazebo) StdoutLine: {'line': b'-- Looking for gz-transport13 -- found version 13.5.0\n'}
[3.771537] (turtlebot3_gazebo) StdoutLine: {'line': b'-- Looking for gz-rendering8 -- found version 8.2.2\n'}
[3.772139] (turtlebot3_gazebo) StdoutLine: {'line': b'-- Looking for gz-msgs10 -- found version 10.3.2\n'}
[3.772730] (turtlebot3_gazebo) StdoutLine: {'line': b'-- Looking for sdformat14 -- found version 14.8.0\n'}
[3.773014] (turtlebot3_gazebo) StdoutLine: {'line': b'-- Searching for <gz-sensors8> component [rendering]\n'}
[3.775643] (turtlebot3_gazebo) StdoutLine: {'line': b'-- Looking for gz-sensors8-rendering -- found version 8.2.2\n'}
[3.775868] (turtlebot3_gazebo) StdoutLine: {'line': b'-- Searching for dependencies of gz-sensors8-rendering\n'}
[3.778027] (turtlebot3_gazebo) StdoutLine: {'line': b'-- Searching for <gz-sensors8> component [rendering]\n'}
[3.778241] (turtlebot3_gazebo) StdoutLine: {'line': b'-- Searching for <gz-sensors8> component [lidar]\n'}
[3.780612] (turtlebot3_gazebo) StdoutLine: {'line': b'-- Looking for gz-sensors8-lidar -- found version 8.2.2\n'}
[3.780821] (turtlebot3_gazebo) StdoutLine: {'line': b'-- Searching for dependencies of gz-sensors8-lidar\n'}
[3.781406] (turtlebot3_gazebo) StdoutLine: {'line': b'-- Looking for gz-sensors8 -- found version 8.2.2\n'}
[3.782429] (turtlebot3_gazebo) StdoutLine: {'line': b'-- Searching for <gz-sensors8> component [gpu_lidar]\n'}
[3.784995] (turtlebot3_gazebo) StdoutLine: {'line': b'-- Looking for gz-sensors8-gpu_lidar -- found version 8.2.2\n'}
[3.785373] (turtlebot3_gazebo) StdoutLine: {'line': b'-- Searching for dependencies of gz-sensors8-gpu_lidar\n'}
[3.785946] (turtlebot3_gazebo) StdoutLine: {'line': b'-- Looking for gz-sensors8 -- found version 8.2.2\n'}
[3.787126] (turtlebot3_gazebo) StdoutLine: {'line': b'-- Searching for <gz-sensors8> component [camera]\n'}
[3.789859] (turtlebot3_gazebo) StdoutLine: {'line': b'-- Looking for gz-sensors8-camera -- found version 8.2.2\n'}
[3.790151] (turtlebot3_gazebo) StdoutLine: {'line': b'-- Searching for dependencies of gz-sensors8-camera\n'}
[3.790711] (turtlebot3_gazebo) StdoutLine: {'line': b'-- Looking for gz-sensors8 -- found version 8.2.2\n'}
[3.791782] (turtlebot3_gazebo) StdoutLine: {'line': b'-- Searching for <gz-sensors8> component [boundingbox_camera]\n'}
[3.794399] (turtlebot3_gazebo) StdoutLine: {'line': b'-- Looking for gz-sensors8-boundingbox_camera -- found version 8.2.2\n'}
[3.794614] (turtlebot3_gazebo) StdoutLine: {'line': b'-- Searching for dependencies of gz-sensors8-boundingbox_camera\n'}
[3.795537] (turtlebot3_gazebo) StdoutLine: {'line': b'-- Searching for <gz-sensors8> component [segmentation_camera]\n'}
[3.797983] (turtlebot3_gazebo) StdoutLine: {'line': b'-- Looking for gz-sensors8-segmentation_camera -- found version 8.2.2\n'}
[3.798185] (turtlebot3_gazebo) StdoutLine: {'line': b'-- Searching for dependencies of gz-sensors8-segmentation_camera\n'}
[3.799134] (turtlebot3_gazebo) StdoutLine: {'line': b'-- Searching for <gz-sensors8> component [depth_camera]\n'}
[3.801592] (turtlebot3_gazebo) StdoutLine: {'line': b'-- Looking for gz-sensors8-depth_camera -- found version 8.2.2\n'}
[3.801834] (turtlebot3_gazebo) StdoutLine: {'line': b'-- Searching for dependencies of gz-sensors8-depth_camera\n'}
[3.802589] (turtlebot3_gazebo) StdoutLine: {'line': b'-- Looking for gz-sensors8 -- found version 8.2.2\n'}
[3.803718] (turtlebot3_gazebo) StdoutLine: {'line': b'-- Searching for <gz-sensors8> component [rgbd_camera]\n'}
[3.804880] (-) TimerEvent: {}
[3.806656] (turtlebot3_gazebo) StdoutLine: {'line': b'-- Looking for gz-sensors8-rgbd_camera -- found version 8.2.2\n'}
[3.806912] (turtlebot3_gazebo) StdoutLine: {'line': b'-- Searching for dependencies of gz-sensors8-rgbd_camera\n'}
[3.807555] (turtlebot3_gazebo) StdoutLine: {'line': b'-- Looking for gz-sensors8 -- found version 8.2.2\n'}
[3.808886] (turtlebot3_gazebo) StdoutLine: {'line': b'-- Searching for <gz-sensors8> component [thermal_camera]\n'}
[3.811902] (turtlebot3_gazebo) StdoutLine: {'line': b'-- Looking for gz-sensors8-thermal_camera -- found version 8.2.2\n'}
[3.812123] (turtlebot3_gazebo) StdoutLine: {'line': b'-- Searching for dependencies of gz-sensors8-thermal_camera\n'}
[3.812677] (turtlebot3_gazebo) StdoutLine: {'line': b'-- Looking for gz-sensors8 -- found version 8.2.2\n'}
[3.813755] (turtlebot3_gazebo) StdoutLine: {'line': b'-- Searching for <gz-sensors8> component [wide_angle_camera]\n'}
[3.816197] (turtlebot3_gazebo) StdoutLine: {'line': b'-- Looking for gz-sensors8-wide_angle_camera -- found version 8.2.2\n'}
[3.816434] (turtlebot3_gazebo) StdoutLine: {'line': b'-- Searching for dependencies of gz-sensors8-wide_angle_camera\n'}
[3.818069] (turtlebot3_gazebo) StdoutLine: {'line': b'-- Looking for gz-rendering8 -- found version 8.2.2\n'}
[3.818872] (turtlebot3_gazebo) StdoutLine: {'line': b'-- Looking for gz-math7 -- found version 7.5.2\n'}
[3.819712] (turtlebot3_gazebo) StdoutLine: {'line': b'-- Looking for gz-utils2 -- found version 2.2.1\n'}
[3.857430] (turtlebot3_gazebo) StdoutLine: {'line': b'-- Looking for gz-plugin2 -- found version 2.0.4\n'}
[3.904990] (-) TimerEvent: {}
[4.001984] (turtlebot3_gazebo) StdoutLine: {'line': b'-- Configuring done (4.0s)\n'}
[4.005082] (-) TimerEvent: {}
[4.055726] (turtlebot3_gazebo) StdoutLine: {'line': b'-- Generating done (0.0s)\n'}
[4.067541] (turtlebot3_gazebo) StdoutLine: {'line': b'-- Build files have been written to: /home/ali-suleiman/first_slam_project/build/turtlebot3_gazebo\n'}
[4.090505] (turtlebot3_gazebo) CommandEnded: {'returncode': 0}
[4.091368] (turtlebot3_gazebo) JobProgress: {'identifier': 'turtlebot3_gazebo', 'progress': 'build'}
[4.091884] (turtlebot3_gazebo) Command: {'cmd': ['/usr/bin/cmake', '--build', '/home/ali-suleiman/first_slam_project/build/turtlebot3_gazebo', '--', '-j12', '-l12'], 'cwd': '/home/ali-suleiman/first_slam_project/build/turtlebot3_gazebo', 'env': OrderedDict({'GJS_DEBUG_TOPICS': 'JS ERROR;JS LOG', 'XDG_ACTIVATION_TOKEN': 'gnome-shell/Terminator/9436-1-ali-suleiman-IdeaPad-Gaming-3-15IMH05_TIME1079827', 'LESSOPEN': '| /usr/bin/lesspipe %s', 'GZ_SIM_RESOURCE_PATH': '/opt/ros/jazzy/share:/usr/share/gz:/home/ali-suleiman/.gz/gazebo', 'USER': 'ali-suleiman', 'GZ_CONFIG_PATH': '/opt/ros/jazzy/opt/gz_sim_vendor/share/gz:/opt/ros/jazzy/opt/sdformat_vendor/share/gz:/opt/ros/jazzy/opt/gz_gui_vendor/share/gz:/opt/ros/jazzy/opt/gz_transport_vendor/share/gz:/opt/ros/jazzy/opt/gz_rendering_vendor/share/gz:/opt/ros/jazzy/opt/gz_plugin_vendor/share/gz:/opt/ros/jazzy/opt/gz_fuel_tools_vendor/share/gz:/opt/ros/jazzy/opt/gz_msgs_vendor/share/gz:/opt/ros/jazzy/opt/gz_common_vendor/share/gz', 'XDG_SESSION_TYPE': 'x11', 'CLUTTER_DISABLE_MIPMAPPED_TEXT': '1', 'SHLVL': '1', 'LD_LIBRARY_PATH': '/opt/ros/jazzy/opt/gz_sim_vendor/lib:/opt/ros/jazzy/opt/gz_sensors_vendor/lib:/opt/ros/jazzy/opt/gz_physics_vendor/lib:/opt/ros/jazzy/opt/sdformat_vendor/lib:/opt/ros/jazzy/opt/rviz_ogre_vendor/lib:/opt/ros/jazzy/lib/x86_64-linux-gnu:/opt/ros/jazzy/opt/gz_gui_vendor/lib:/opt/ros/jazzy/opt/gz_transport_vendor/lib:/opt/ros/jazzy/opt/gz_rendering_vendor/lib:/opt/ros/jazzy/opt/gz_plugin_vendor/lib:/opt/ros/jazzy/opt/gz_fuel_tools_vendor/lib:/opt/ros/jazzy/opt/gz_msgs_vendor/lib:/opt/ros/jazzy/opt/gz_common_vendor/lib:/opt/ros/jazzy/opt/gz_math_vendor/lib:/opt/ros/jazzy/opt/gz_utils_vendor/lib:/opt/ros/jazzy/opt/gz_tools_vendor/lib:/opt/ros/jazzy/opt/gz_ogre_next_vendor/lib:/opt/ros/jazzy/opt/gz_dartsim_vendor/lib:/opt/ros/jazzy/opt/gz_cmake_vendor/lib:/opt/ros/jazzy/lib:/home/ali-suleiman/.mujoco/mujoco-2.3.0/bin:/usr/lib/nvidia', 'HOME': '/home/ali-suleiman', 'OLDPWD': '/home/ali-suleiman/first_slam_project/src', 'DESKTOP_SESSION': 'ubuntu', 'GIO_LAUNCHED_DESKTOP_FILE': '/usr/share/applications/terminator.desktop', 'ROS_PYTHON_VERSION': '3', 'GNOME_SHELL_SESSION_MODE': 'ubuntu', 'GTK_MODULES': 'gail:atk-bridge', 'MANAGERPID': '7610', 'SYSTEMD_EXEC_PID': '9436', 'GSM_SKIP_SSH_AGENT_WORKAROUND': 'true', 'DBUS_SESSION_BUS_ADDRESS': 'unix:path=/run/user/1000/bus', 'COLORTERM': 'truecolor', 'TERMINATOR_DBUS_NAME': 'net.tenshu.Terminator23558193cd9818af7fe4d2c2f5bd9d00f', 'GIO_LAUNCHED_DESKTOP_FILE_PID': '108060', 'DEBUGINFOD_URLS': 'https://debuginfod.ubuntu.com', 'COLCON_PREFIX_PATH': '/home/ali-suleiman/slam_project/install', 'ROS_DISTRO': 'jazzy', 'LOGNAME': 'ali-suleiman', 'JOURNAL_STREAM': '9:34002', '_': '/usr/bin/colcon', 'ROS_VERSION': '2', 'MEMORY_PRESSURE_WATCH': '/sys/fs/cgroup/user.slice/user-1000.slice/user@1000.service/session.slice/org.gnome.Shell@x11.service/memory.pressure', 'XDG_SESSION_CLASS': 'user', 'USERNAME': 'ali-suleiman', 'TERM': 'xterm-256color', 'GAZEBO_MODEL_PATH': '/usr/share/gazebo-11/models:/home/ali-suleiman/.gazebo/models::/home/ali-suleiman/my_gazebo_world/worlds', 'GNOME_DESKTOP_SESSION_ID': 'this-is-deprecated', 'WINDOWPATH': '2', 'PATH': '/opt/ros/jazzy/opt/gz_msgs_vendor/bin:/opt/ros/jazzy/opt/gz_tools_vendor/bin:/opt/ros/jazzy/opt/gz_ogre_next_vendor/bin:/opt/ros/jazzy/bin:/usr/local/sbin:/usr/local/bin:/usr/sbin:/usr/bin:/sbin:/bin:/usr/games:/usr/local/games:/snap/bin:/snap/bin', 'SESSION_MANAGER': 'local/ali-suleiman-IdeaPad-Gaming-3-15IMH05:@/tmp/.ICE-unix/9303,unix/ali-suleiman-IdeaPad-Gaming-3-15IMH05:/tmp/.ICE-unix/9303', 'INVOCATION_ID': 'abfb634d324646159bd4931a9ceaa6be', 'GTK3_MODULES': 'xapp-gtk3-module', 'XDG_MENU_PREFIX': 'gnome-', 'MUJOCO_PATH': '/home/ali-suleiman/.mujoco/mujoco-2.3.0', 'XDG_RUNTIME_DIR': '/run/user/1000', 'DISPLAY': ':1', 'TERMINATOR_DBUS_PATH': '/net/tenshu/Terminator2', 'LANG': 'en_US.UTF-8', 'XDG_CURRENT_DESKTOP': 'ubuntu:GNOME', 'RMW_IMPLEMENTATION': 'rmw_cyclonedds_cpp', 'XMODIFIERS': '@im=ibus', 'XDG_SESSION_DESKTOP': 'ubuntu', 'XAUTHORITY': '/run/user/1000/gdm/Xauthority', 'LS_COLORS': 'rs=0:di=01;34:ln=01;36:mh=00:pi=40;33:so=01;35:do=01;35:bd=40;33;01:cd=40;33;01:or=40;31;01:mi=00:su=37;41:sg=30;43:ca=00:tw=30;42:ow=34;42:st=37;44:ex=01;32:*.tar=01;31:*.tgz=01;31:*.arc=01;31:*.arj=01;31:*.taz=01;31:*.lha=01;31:*.lz4=01;31:*.lzh=01;31:*.lzma=01;31:*.tlz=01;31:*.txz=01;31:*.tzo=01;31:*.t7z=01;31:*.zip=01;31:*.z=01;31:*.dz=01;31:*.gz=01;31:*.lrz=01;31:*.lz=01;31:*.lzo=01;31:*.xz=01;31:*.zst=01;31:*.tzst=01;31:*.bz2=01;31:*.bz=01;31:*.tbz=01;31:*.tbz2=01;31:*.tz=01;31:*.deb=01;31:*.rpm=01;31:*.jar=01;31:*.war=01;31:*.ear=01;31:*.sar=01;31:*.rar=01;31:*.alz=01;31:*.ace=01;31:*.zoo=01;31:*.cpio=01;31:*.7z=01;31:*.rz=01;31:*.cab=01;31:*.wim=01;31:*.swm=01;31:*.dwm=01;31:*.esd=01;31:*.avif=01;35:*.jpg=01;35:*.jpeg=01;35:*.mjpg=01;35:*.mjpeg=01;35:*.gif=01;35:*.bmp=01;35:*.pbm=01;35:*.pgm=01;35:*.ppm=01;35:*.tga=01;35:*.xbm=01;35:*.xpm=01;35:*.tif=01;35:*.tiff=01;35:*.png=01;35:*.svg=01;35:*.svgz=01;35:*.mng=01;35:*.pcx=01;35:*.mov=01;35:*.mpg=01;35:*.mpeg=01;35:*.m2v=01;35:*.mkv=01;35:*.webm=01;35:*.webp=01;35:*.ogm=01;35:*.mp4=01;35:*.m4v=01;35:*.mp4v=01;35:*.vob=01;35:*.qt=01;35:*.nuv=01;35:*.wmv=01;35:*.asf=01;35:*.rm=01;35:*.rmvb=01;35:*.flc=01;35:*.avi=01;35:*.fli=01;35:*.flv=01;35:*.gl=01;35:*.dl=01;35:*.xcf=01;35:*.xwd=01;35:*.yuv=01;35:*.cgm=01;35:*.emf=01;35:*.ogv=01;35:*.ogx=01;35:*.aac=00;36:*.au=00;36:*.flac=00;36:*.m4a=00;36:*.mid=00;36:*.midi=00;36:*.mka=00;36:*.mp3=00;36:*.mpc=00;36:*.ogg=00;36:*.ra=00;36:*.wav=00;36:*.oga=00;36:*.opus=00;36:*.spx=00;36:*.xspf=00;36:*~=00;90:*#=00;90:*.bak=00;90:*.crdownload=00;90:*.dpkg-dist=00;90:*.dpkg-new=00;90:*.dpkg-old=00;90:*.dpkg-tmp=00;90:*.old=00;90:*.orig=00;90:*.part=00;90:*.rej=00;90:*.rpmnew=00;90:*.rpmorig=00;90:*.rpmsave=00;90:*.swp=00;90:*.tmp=00;90:*.ucf-dist=00;90:*.ucf-new=00;90:*.ucf-old=00;90:', 'SSH_AUTH_SOCK': '/run/user/1000/keyring/ssh', 'AMENT_PREFIX_PATH': '/home/ali-suleiman/slam_project/install/turtlebot3_simulations:/home/ali-suleiman/slam_project/install/turtlebot3_gazebo:/home/ali-suleiman/slam_project/install/turtlebot3_fake_node:/opt/ros/jazzy', 'SHELL': '/bin/bash', 'TERMINATOR_UUID': 'urn:uuid:8a2fa994-5d15-4f53-9572-8bb63e069108', 'QT_ACCESSIBILITY': '1', 'GDMSESSION': 'ubuntu', 'LESSCLOSE': '/usr/bin/lesspipe %s %s', 'GPG_AGENT_INFO': '/run/user/1000/gnupg/S.gpg-agent:0:1', 'GJS_DEBUG_OUTPUT': 'stderr', 'ROS_AUTOMATIC_DISCOVERY_RANGE': 'SUBNET', 'QT_IM_MODULE': 'ibus', 'PWD': '/home/ali-suleiman/first_slam_project/build/turtlebot3_gazebo', 'TURTLEBOT3_MODEL': 'waffle', 'LC_ALL': 'en_US.UTF-8', 'XDG_CONFIG_DIRS': '/etc/xdg/xdg-ubuntu:/etc/xdg', 'XDG_DATA_DIRS': '/usr/share/ubuntu:/usr/share/gnome:/usr/local/share/:/usr/share/:/var/lib/snapd/desktop', 'PYTHONPATH': '/opt/ros/jazzy/lib/python3.12/site-packages', 'COLCON': '1', 'MEMORY_PRESSURE_WRITE': 'c29tZSAyMDAwMDAgMjAwMDAwMAA=', 'VTE_VERSION': '7600', 'CMAKE_PREFIX_PATH': '/home/ali-suleiman/slam_project/install/turtlebot3_simulations:/home/ali-suleiman/slam_project/install/turtlebot3_gazebo:/home/ali-suleiman/slam_project/install/turtlebot3_fake_node:/opt/ros/jazzy/opt/gz_sim_vendor:/opt/ros/jazzy/opt/gz_sensors_vendor:/opt/ros/jazzy/opt/gz_physics_vendor:/opt/ros/jazzy/opt/sdformat_vendor:/opt/ros/jazzy/opt/gz_gui_vendor:/opt/ros/jazzy/opt/gz_transport_vendor:/opt/ros/jazzy/opt/gz_rendering_vendor:/opt/ros/jazzy/opt/gz_plugin_vendor:/opt/ros/jazzy/opt/gz_fuel_tools_vendor:/opt/ros/jazzy/opt/gz_msgs_vendor:/opt/ros/jazzy/opt/gz_common_vendor:/opt/ros/jazzy/opt/gz_math_vendor:/opt/ros/jazzy/opt/gz_utils_vendor:/opt/ros/jazzy/opt/gz_tools_vendor:/opt/ros/jazzy/opt/gz_ogre_next_vendor:/opt/ros/jazzy/opt/gz_dartsim_vendor:/opt/ros/jazzy/opt/gz_cmake_vendor:/opt/ros/jazzy'}), 'shell': False}
[4.105202] (-) TimerEvent: {}
[4.168401] (turtlebot3_gazebo) StdoutLine: {'line': b'[ 50%] \x1b[32mBuilding CXX object CMakeFiles/obstacles.dir/src/obstacles.cpp.o\x1b[0m\n'}
[4.168911] (turtlebot3_gazebo) StdoutLine: {'line': b'[ 50%] \x1b[32mBuilding CXX object CMakeFiles/obstacle1.dir/src/obstacle1.cpp.o\x1b[0m\n'}
[4.169094] (turtlebot3_gazebo) StdoutLine: {'line': b'[ 50%] \x1b[32mBuilding CXX object CMakeFiles/obstacle2.dir/src/obstacle2.cpp.o\x1b[0m\n'}
[4.169323] (turtlebot3_gazebo) StdoutLine: {'line': b'[ 50%] \x1b[32mBuilding CXX object CMakeFiles/turtlebot3_drive.dir/src/turtlebot3_drive.cpp.o\x1b[0m\n'}
[4.205307] (-) TimerEvent: {}
[4.305612] (-) TimerEvent: {}
[4.405977] (-) TimerEvent: {}
[4.506350] (-) TimerEvent: {}
[4.606720] (-) TimerEvent: {}
[4.707129] (-) TimerEvent: {}
[4.807521] (-) TimerEvent: {}
[4.907916] (-) TimerEvent: {}
[5.008320] (-) TimerEvent: {}
[5.108707] (-) TimerEvent: {}
[5.209095] (-) TimerEvent: {}
[5.309627] (-) TimerEvent: {}
[5.410068] (-) TimerEvent: {}
[5.510515] (-) TimerEvent: {}
[5.610928] (-) TimerEvent: {}
[5.711438] (-) TimerEvent: {}
[5.811866] (-) TimerEvent: {}
[5.912256] (-) TimerEvent: {}
[6.012711] (-) TimerEvent: {}
[6.113090] (-) TimerEvent: {}
[6.213495] (-) TimerEvent: {}
[6.313879] (-) TimerEvent: {}
[6.414248] (-) TimerEvent: {}
[6.514644] (-) TimerEvent: {}
[6.615026] (-) TimerEvent: {}
[6.715424] (-) TimerEvent: {}
[6.815803] (-) TimerEvent: {}
[6.916182] (-) TimerEvent: {}
[7.016544] (-) TimerEvent: {}
[7.116914] (-) TimerEvent: {}
[7.217243] (-) TimerEvent: {}
[7.317604] (-) TimerEvent: {}
[7.417973] (-) TimerEvent: {}
[7.514959] (turtlebot3_gazebo) StdoutLine: {'line': b'[ 62%] \x1b[32m\x1b[1mLinking CXX shared library libobstacle1.so\x1b[0m\n'}
[7.518087] (-) TimerEvent: {}
[7.551795] (turtlebot3_gazebo) StdoutLine: {'line': b'[ 75%] \x1b[32m\x1b[1mLinking CXX shared library libobstacle2.so\x1b[0m\n'}
[7.618235] (-) TimerEvent: {}
[7.718583] (-) TimerEvent: {}
[7.818867] (-) TimerEvent: {}
[7.880145] (turtlebot3_gazebo) StdoutLine: {'line': b'[ 75%] Built target obstacle2\n'}
[7.918992] (-) TimerEvent: {}
[7.922065] (turtlebot3_gazebo) StdoutLine: {'line': b'[ 75%] Built target obstacle1\n'}
[8.019130] (-) TimerEvent: {}
[8.119493] (-) TimerEvent: {}
[8.219773] (-) TimerEvent: {}
[8.283319] (turtlebot3_gazebo) StdoutLine: {'line': b'[ 87%] \x1b[32m\x1b[1mLinking CXX shared library libobstacles.so\x1b[0m\n'}
[8.319921] (-) TimerEvent: {}
[8.420471] (-) TimerEvent: {}
[8.521137] (-) TimerEvent: {}
[8.584212] (turtlebot3_gazebo) StdoutLine: {'line': b'[ 87%] Built target obstacles\n'}
[8.621222] (-) TimerEvent: {}
[8.721551] (-) TimerEvent: {}
[8.821921] (-) TimerEvent: {}
[8.922223] (-) TimerEvent: {}
[9.022499] (-) TimerEvent: {}
[9.122769] (-) TimerEvent: {}
[9.223081] (-) TimerEvent: {}
[9.323371] (-) TimerEvent: {}
[9.423665] (-) TimerEvent: {}
[9.523959] (-) TimerEvent: {}
[9.624261] (-) TimerEvent: {}
[9.724537] (-) TimerEvent: {}
[9.824829] (-) TimerEvent: {}
[9.925108] (-) TimerEvent: {}
[10.025398] (-) TimerEvent: {}
[10.125669] (-) TimerEvent: {}
[10.225940] (-) TimerEvent: {}
[10.326211] (-) TimerEvent: {}
[10.426486] (-) TimerEvent: {}
[10.526752] (-) TimerEvent: {}
[10.627022] (-) TimerEvent: {}
[10.727324] (-) TimerEvent: {}
[10.827604] (-) TimerEvent: {}
[10.927939] (-) TimerEvent: {}
[11.028334] (-) TimerEvent: {}
[11.128635] (-) TimerEvent: {}
[11.228943] (-) TimerEvent: {}
[11.329246] (-) TimerEvent: {}
[11.429534] (-) TimerEvent: {}
[11.529802] (-) TimerEvent: {}
[11.630109] (-) TimerEvent: {}
[11.730406] (-) TimerEvent: {}
[11.830714] (-) TimerEvent: {}
[11.931022] (-) TimerEvent: {}
[12.031366] (-) TimerEvent: {}
[12.131649] (-) TimerEvent: {}
[12.231912] (-) TimerEvent: {}
[12.332214] (-) TimerEvent: {}
[12.432479] (-) TimerEvent: {}
[12.532759] (-) TimerEvent: {}
[12.633073] (-) TimerEvent: {}
[12.733389] (-) TimerEvent: {}
[12.833659] (-) TimerEvent: {}
[12.933946] (-) TimerEvent: {}
[13.034295] (-) TimerEvent: {}
[13.134596] (-) TimerEvent: {}
[13.234870] (-) TimerEvent: {}
[13.335144] (-) TimerEvent: {}
[13.435415] (-) TimerEvent: {}
[13.535675] (-) TimerEvent: {}
[13.635973] (-) TimerEvent: {}
[13.736223] (-) TimerEvent: {}
[13.836490] (-) TimerEvent: {}
[13.936761] (-) TimerEvent: {}
[14.037061] (-) TimerEvent: {}
[14.137337] (-) TimerEvent: {}
[14.237606] (-) TimerEvent: {}
[14.337876] (-) TimerEvent: {}
[14.438147] (-) TimerEvent: {}
[14.538426] (-) TimerEvent: {}
[14.638740] (-) TimerEvent: {}
[14.739088] (-) TimerEvent: {}
[14.839543] (-) TimerEvent: {}
[14.940141] (-) TimerEvent: {}
[15.040554] (-) TimerEvent: {}
[15.140825] (-) TimerEvent: {}
[15.241086] (-) TimerEvent: {}
[15.341369] (-) TimerEvent: {}
[15.441644] (-) TimerEvent: {}
[15.541918] (-) TimerEvent: {}
[15.642226] (-) TimerEvent: {}
[15.742501] (-) TimerEvent: {}
[15.842773] (-) TimerEvent: {}
[15.943066] (-) TimerEvent: {}
[16.043415] (-) TimerEvent: {}
[16.143678] (-) TimerEvent: {}
[16.243975] (-) TimerEvent: {}
[16.344224] (-) TimerEvent: {}
[16.444530] (-) TimerEvent: {}
[16.544805] (-) TimerEvent: {}
[16.645083] (-) TimerEvent: {}
[16.699917] (turtlebot3_fake_node) StdoutLine: {'line': b'[100%] \x1b[32m\x1b[1mLinking CXX executable turtlebot3_fake_node\x1b[0m\n'}
[16.745194] (-) TimerEvent: {}
[16.845493] (-) TimerEvent: {}
[16.945769] (-) TimerEvent: {}
[17.046040] (-) TimerEvent: {}
[17.146331] (-) TimerEvent: {}
[17.246632] (-) TimerEvent: {}
[17.301345] (turtlebot3_fake_node) StdoutLine: {'line': b'[100%] Built target turtlebot3_fake_node\n'}
[17.316609] (turtlebot3_fake_node) CommandEnded: {'returncode': 0}
[17.317375] (turtlebot3_fake_node) JobProgress: {'identifier': 'turtlebot3_fake_node', 'progress': 'install'}
[17.329301] (turtlebot3_fake_node) Command: {'cmd': ['/usr/bin/cmake', '--install', '/home/ali-suleiman/first_slam_project/build/turtlebot3_fake_node'], 'cwd': '/home/ali-suleiman/first_slam_project/build/turtlebot3_fake_node', 'env': OrderedDict({'GJS_DEBUG_TOPICS': 'JS ERROR;JS LOG', 'XDG_ACTIVATION_TOKEN': 'gnome-shell/Terminator/9436-1-ali-suleiman-IdeaPad-Gaming-3-15IMH05_TIME1079827', 'LESSOPEN': '| /usr/bin/lesspipe %s', 'GZ_SIM_RESOURCE_PATH': '/opt/ros/jazzy/share:/usr/share/gz:/home/ali-suleiman/.gz/gazebo', 'USER': 'ali-suleiman', 'GZ_CONFIG_PATH': '/opt/ros/jazzy/opt/gz_sim_vendor/share/gz:/opt/ros/jazzy/opt/sdformat_vendor/share/gz:/opt/ros/jazzy/opt/gz_gui_vendor/share/gz:/opt/ros/jazzy/opt/gz_transport_vendor/share/gz:/opt/ros/jazzy/opt/gz_rendering_vendor/share/gz:/opt/ros/jazzy/opt/gz_plugin_vendor/share/gz:/opt/ros/jazzy/opt/gz_fuel_tools_vendor/share/gz:/opt/ros/jazzy/opt/gz_msgs_vendor/share/gz:/opt/ros/jazzy/opt/gz_common_vendor/share/gz', 'XDG_SESSION_TYPE': 'x11', 'CLUTTER_DISABLE_MIPMAPPED_TEXT': '1', 'SHLVL': '1', 'LD_LIBRARY_PATH': '/opt/ros/jazzy/opt/gz_sim_vendor/lib:/opt/ros/jazzy/opt/gz_sensors_vendor/lib:/opt/ros/jazzy/opt/gz_physics_vendor/lib:/opt/ros/jazzy/opt/sdformat_vendor/lib:/opt/ros/jazzy/opt/rviz_ogre_vendor/lib:/opt/ros/jazzy/lib/x86_64-linux-gnu:/opt/ros/jazzy/opt/gz_gui_vendor/lib:/opt/ros/jazzy/opt/gz_transport_vendor/lib:/opt/ros/jazzy/opt/gz_rendering_vendor/lib:/opt/ros/jazzy/opt/gz_plugin_vendor/lib:/opt/ros/jazzy/opt/gz_fuel_tools_vendor/lib:/opt/ros/jazzy/opt/gz_msgs_vendor/lib:/opt/ros/jazzy/opt/gz_common_vendor/lib:/opt/ros/jazzy/opt/gz_math_vendor/lib:/opt/ros/jazzy/opt/gz_utils_vendor/lib:/opt/ros/jazzy/opt/gz_tools_vendor/lib:/opt/ros/jazzy/opt/gz_ogre_next_vendor/lib:/opt/ros/jazzy/opt/gz_dartsim_vendor/lib:/opt/ros/jazzy/opt/gz_cmake_vendor/lib:/opt/ros/jazzy/lib:/home/ali-suleiman/.mujoco/mujoco-2.3.0/bin:/usr/lib/nvidia', 'HOME': '/home/ali-suleiman', 'OLDPWD': '/home/ali-suleiman/first_slam_project/src', 'DESKTOP_SESSION': 'ubuntu', 'GIO_LAUNCHED_DESKTOP_FILE': '/usr/share/applications/terminator.desktop', 'ROS_PYTHON_VERSION': '3', 'GNOME_SHELL_SESSION_MODE': 'ubuntu', 'GTK_MODULES': 'gail:atk-bridge', 'MANAGERPID': '7610', 'SYSTEMD_EXEC_PID': '9436', 'GSM_SKIP_SSH_AGENT_WORKAROUND': 'true', 'DBUS_SESSION_BUS_ADDRESS': 'unix:path=/run/user/1000/bus', 'COLORTERM': 'truecolor', 'TERMINATOR_DBUS_NAME': 'net.tenshu.Terminator23558193cd9818af7fe4d2c2f5bd9d00f', 'GIO_LAUNCHED_DESKTOP_FILE_PID': '108060', 'DEBUGINFOD_URLS': 'https://debuginfod.ubuntu.com', 'COLCON_PREFIX_PATH': '/home/ali-suleiman/slam_project/install', 'ROS_DISTRO': 'jazzy', 'LOGNAME': 'ali-suleiman', 'JOURNAL_STREAM': '9:34002', '_': '/usr/bin/colcon', 'ROS_VERSION': '2', 'MEMORY_PRESSURE_WATCH': '/sys/fs/cgroup/user.slice/user-1000.slice/user@1000.service/session.slice/org.gnome.Shell@x11.service/memory.pressure', 'XDG_SESSION_CLASS': 'user', 'USERNAME': 'ali-suleiman', 'TERM': 'xterm-256color', 'GAZEBO_MODEL_PATH': '/usr/share/gazebo-11/models:/home/ali-suleiman/.gazebo/models::/home/ali-suleiman/my_gazebo_world/worlds', 'GNOME_DESKTOP_SESSION_ID': 'this-is-deprecated', 'WINDOWPATH': '2', 'PATH': '/opt/ros/jazzy/opt/gz_msgs_vendor/bin:/opt/ros/jazzy/opt/gz_tools_vendor/bin:/opt/ros/jazzy/opt/gz_ogre_next_vendor/bin:/opt/ros/jazzy/bin:/usr/local/sbin:/usr/local/bin:/usr/sbin:/usr/bin:/sbin:/bin:/usr/games:/usr/local/games:/snap/bin:/snap/bin', 'SESSION_MANAGER': 'local/ali-suleiman-IdeaPad-Gaming-3-15IMH05:@/tmp/.ICE-unix/9303,unix/ali-suleiman-IdeaPad-Gaming-3-15IMH05:/tmp/.ICE-unix/9303', 'INVOCATION_ID': 'abfb634d324646159bd4931a9ceaa6be', 'GTK3_MODULES': 'xapp-gtk3-module', 'XDG_MENU_PREFIX': 'gnome-', 'MUJOCO_PATH': '/home/ali-suleiman/.mujoco/mujoco-2.3.0', 'XDG_RUNTIME_DIR': '/run/user/1000', 'DISPLAY': ':1', 'TERMINATOR_DBUS_PATH': '/net/tenshu/Terminator2', 'LANG': 'en_US.UTF-8', 'XDG_CURRENT_DESKTOP': 'ubuntu:GNOME', 'RMW_IMPLEMENTATION': 'rmw_cyclonedds_cpp', 'XMODIFIERS': '@im=ibus', 'XDG_SESSION_DESKTOP': 'ubuntu', 'XAUTHORITY': '/run/user/1000/gdm/Xauthority', 'LS_COLORS': 'rs=0:di=01;34:ln=01;36:mh=00:pi=40;33:so=01;35:do=01;35:bd=40;33;01:cd=40;33;01:or=40;31;01:mi=00:su=37;41:sg=30;43:ca=00:tw=30;42:ow=34;42:st=37;44:ex=01;32:*.tar=01;31:*.tgz=01;31:*.arc=01;31:*.arj=01;31:*.taz=01;31:*.lha=01;31:*.lz4=01;31:*.lzh=01;31:*.lzma=01;31:*.tlz=01;31:*.txz=01;31:*.tzo=01;31:*.t7z=01;31:*.zip=01;31:*.z=01;31:*.dz=01;31:*.gz=01;31:*.lrz=01;31:*.lz=01;31:*.lzo=01;31:*.xz=01;31:*.zst=01;31:*.tzst=01;31:*.bz2=01;31:*.bz=01;31:*.tbz=01;31:*.tbz2=01;31:*.tz=01;31:*.deb=01;31:*.rpm=01;31:*.jar=01;31:*.war=01;31:*.ear=01;31:*.sar=01;31:*.rar=01;31:*.alz=01;31:*.ace=01;31:*.zoo=01;31:*.cpio=01;31:*.7z=01;31:*.rz=01;31:*.cab=01;31:*.wim=01;31:*.swm=01;31:*.dwm=01;31:*.esd=01;31:*.avif=01;35:*.jpg=01;35:*.jpeg=01;35:*.mjpg=01;35:*.mjpeg=01;35:*.gif=01;35:*.bmp=01;35:*.pbm=01;35:*.pgm=01;35:*.ppm=01;35:*.tga=01;35:*.xbm=01;35:*.xpm=01;35:*.tif=01;35:*.tiff=01;35:*.png=01;35:*.svg=01;35:*.svgz=01;35:*.mng=01;35:*.pcx=01;35:*.mov=01;35:*.mpg=01;35:*.mpeg=01;35:*.m2v=01;35:*.mkv=01;35:*.webm=01;35:*.webp=01;35:*.ogm=01;35:*.mp4=01;35:*.m4v=01;35:*.mp4v=01;35:*.vob=01;35:*.qt=01;35:*.nuv=01;35:*.wmv=01;35:*.asf=01;35:*.rm=01;35:*.rmvb=01;35:*.flc=01;35:*.avi=01;35:*.fli=01;35:*.flv=01;35:*.gl=01;35:*.dl=01;35:*.xcf=01;35:*.xwd=01;35:*.yuv=01;35:*.cgm=01;35:*.emf=01;35:*.ogv=01;35:*.ogx=01;35:*.aac=00;36:*.au=00;36:*.flac=00;36:*.m4a=00;36:*.mid=00;36:*.midi=00;36:*.mka=00;36:*.mp3=00;36:*.mpc=00;36:*.ogg=00;36:*.ra=00;36:*.wav=00;36:*.oga=00;36:*.opus=00;36:*.spx=00;36:*.xspf=00;36:*~=00;90:*#=00;90:*.bak=00;90:*.crdownload=00;90:*.dpkg-dist=00;90:*.dpkg-new=00;90:*.dpkg-old=00;90:*.dpkg-tmp=00;90:*.old=00;90:*.orig=00;90:*.part=00;90:*.rej=00;90:*.rpmnew=00;90:*.rpmorig=00;90:*.rpmsave=00;90:*.swp=00;90:*.tmp=00;90:*.ucf-dist=00;90:*.ucf-new=00;90:*.ucf-old=00;90:', 'SSH_AUTH_SOCK': '/run/user/1000/keyring/ssh', 'AMENT_PREFIX_PATH': '/home/ali-suleiman/slam_project/install/turtlebot3_simulations:/home/ali-suleiman/slam_project/install/turtlebot3_gazebo:/home/ali-suleiman/slam_project/install/turtlebot3_fake_node:/opt/ros/jazzy', 'SHELL': '/bin/bash', 'TERMINATOR_UUID': 'urn:uuid:8a2fa994-5d15-4f53-9572-8bb63e069108', 'QT_ACCESSIBILITY': '1', 'GDMSESSION': 'ubuntu', 'LESSCLOSE': '/usr/bin/lesspipe %s %s', 'GPG_AGENT_INFO': '/run/user/1000/gnupg/S.gpg-agent:0:1', 'GJS_DEBUG_OUTPUT': 'stderr', 'ROS_AUTOMATIC_DISCOVERY_RANGE': 'SUBNET', 'QT_IM_MODULE': 'ibus', 'PWD': '/home/ali-suleiman/first_slam_project/build/turtlebot3_fake_node', 'TURTLEBOT3_MODEL': 'waffle', 'LC_ALL': 'en_US.UTF-8', 'XDG_CONFIG_DIRS': '/etc/xdg/xdg-ubuntu:/etc/xdg', 'XDG_DATA_DIRS': '/usr/share/ubuntu:/usr/share/gnome:/usr/local/share/:/usr/share/:/var/lib/snapd/desktop', 'PYTHONPATH': '/opt/ros/jazzy/lib/python3.12/site-packages', 'COLCON': '1', 'MEMORY_PRESSURE_WRITE': 'c29tZSAyMDAwMDAgMjAwMDAwMAA=', 'VTE_VERSION': '7600', 'CMAKE_PREFIX_PATH': '/home/ali-suleiman/slam_project/install/turtlebot3_simulations:/home/ali-suleiman/slam_project/install/turtlebot3_gazebo:/home/ali-suleiman/slam_project/install/turtlebot3_fake_node:/opt/ros/jazzy/opt/gz_sim_vendor:/opt/ros/jazzy/opt/gz_sensors_vendor:/opt/ros/jazzy/opt/gz_physics_vendor:/opt/ros/jazzy/opt/sdformat_vendor:/opt/ros/jazzy/opt/gz_gui_vendor:/opt/ros/jazzy/opt/gz_transport_vendor:/opt/ros/jazzy/opt/gz_rendering_vendor:/opt/ros/jazzy/opt/gz_plugin_vendor:/opt/ros/jazzy/opt/gz_fuel_tools_vendor:/opt/ros/jazzy/opt/gz_msgs_vendor:/opt/ros/jazzy/opt/gz_common_vendor:/opt/ros/jazzy/opt/gz_math_vendor:/opt/ros/jazzy/opt/gz_utils_vendor:/opt/ros/jazzy/opt/gz_tools_vendor:/opt/ros/jazzy/opt/gz_ogre_next_vendor:/opt/ros/jazzy/opt/gz_dartsim_vendor:/opt/ros/jazzy/opt/gz_cmake_vendor:/opt/ros/jazzy'}), 'shell': False}
[17.340136] (turtlebot3_fake_node) StdoutLine: {'line': b'-- Install configuration: ""\n'}
[17.340611] (turtlebot3_fake_node) StdoutLine: {'line': b'-- Installing: /home/ali-suleiman/first_slam_project/install/turtlebot3_fake_node/lib/turtlebot3_fake_node/turtlebot3_fake_node\n'}
[17.346195] (turtlebot3_fake_node) StdoutLine: {'line': b'-- Set non-toolchain portion of runtime path of "/home/ali-suleiman/first_slam_project/install/turtlebot3_fake_node/lib/turtlebot3_fake_node/turtlebot3_fake_node" to ""\n'}
[17.346488] (turtlebot3_fake_node) StdoutLine: {'line': b'-- Installing: /home/ali-suleiman/first_slam_project/install/turtlebot3_fake_node/share/turtlebot3_fake_node/launch\n'}
[17.346626] (-) TimerEvent: {}
[17.346794] (turtlebot3_fake_node) StdoutLine: {'line': b'-- Installing: /home/ali-suleiman/first_slam_project/install/turtlebot3_fake_node/share/turtlebot3_fake_node/launch/turtlebot3_fake_node.launch.py\n'}
[17.346952] (turtlebot3_fake_node) StdoutLine: {'line': b'-- Installing: /home/ali-suleiman/first_slam_project/install/turtlebot3_fake_node/share/turtlebot3_fake_node/launch/rviz2.launch.py\n'}
[17.347124] (turtlebot3_fake_node) StdoutLine: {'line': b'-- Installing: /home/ali-suleiman/first_slam_project/install/turtlebot3_fake_node/share/turtlebot3_fake_node/param\n'}
[17.347274] (turtlebot3_fake_node) StdoutLine: {'line': b'-- Installing: /home/ali-suleiman/first_slam_project/install/turtlebot3_fake_node/share/turtlebot3_fake_node/param/waffle_pi.yaml\n'}
[17.347382] (turtlebot3_fake_node) StdoutLine: {'line': b'-- Installing: /home/ali-suleiman/first_slam_project/install/turtlebot3_fake_node/share/turtlebot3_fake_node/param/burger.yaml\n'}
[17.347521] (turtlebot3_fake_node) StdoutLine: {'line': b'-- Installing: /home/ali-suleiman/first_slam_project/install/turtlebot3_fake_node/share/turtlebot3_fake_node/param/waffle.yaml\n'}
[17.347696] (turtlebot3_fake_node) StdoutLine: {'line': b'-- Installing: /home/ali-suleiman/first_slam_project/install/turtlebot3_fake_node/include/\n'}
[17.347820] (turtlebot3_fake_node) StdoutLine: {'line': b'-- Installing: /home/ali-suleiman/first_slam_project/install/turtlebot3_fake_node/include//turtlebot3_fake_node\n'}
[17.347913] (turtlebot3_fake_node) StdoutLine: {'line': b'-- Installing: /home/ali-suleiman/first_slam_project/install/turtlebot3_fake_node/include//turtlebot3_fake_node/turtlebot3_fake_node.hpp\n'}
[17.348048] (turtlebot3_fake_node) StdoutLine: {'line': b'-- Installing: /home/ali-suleiman/first_slam_project/install/turtlebot3_fake_node/share/ament_index/resource_index/package_run_dependencies/turtlebot3_fake_node\n'}
[17.348195] (turtlebot3_fake_node) StdoutLine: {'line': b'-- Installing: /home/ali-suleiman/first_slam_project/install/turtlebot3_fake_node/share/ament_index/resource_index/parent_prefix_path/turtlebot3_fake_node\n'}
[17.348386] (turtlebot3_fake_node) StdoutLine: {'line': b'-- Installing: /home/ali-suleiman/first_slam_project/install/turtlebot3_fake_node/share/turtlebot3_fake_node/environment/ament_prefix_path.sh\n'}
[17.348550] (turtlebot3_fake_node) StdoutLine: {'line': b'-- Installing: /home/ali-suleiman/first_slam_project/install/turtlebot3_fake_node/share/turtlebot3_fake_node/environment/ament_prefix_path.dsv\n'}
[17.348701] (turtlebot3_fake_node) StdoutLine: {'line': b'-- Installing: /home/ali-suleiman/first_slam_project/install/turtlebot3_fake_node/share/turtlebot3_fake_node/environment/path.sh\n'}
[17.348870] (turtlebot3_fake_node) StdoutLine: {'line': b'-- Installing: /home/ali-suleiman/first_slam_project/install/turtlebot3_fake_node/share/turtlebot3_fake_node/environment/path.dsv\n'}
[17.349037] (turtlebot3_fake_node) StdoutLine: {'line': b'-- Installing: /home/ali-suleiman/first_slam_project/install/turtlebot3_fake_node/share/turtlebot3_fake_node/local_setup.bash\n'}
[17.349279] (turtlebot3_fake_node) StdoutLine: {'line': b'-- Installing: /home/ali-suleiman/first_slam_project/install/turtlebot3_fake_node/share/turtlebot3_fake_node/local_setup.sh\n'}
[17.349454] (turtlebot3_fake_node) StdoutLine: {'line': b'-- Installing: /home/ali-suleiman/first_slam_project/install/turtlebot3_fake_node/share/turtlebot3_fake_node/local_setup.zsh\n'}
[17.349666] (turtlebot3_fake_node) StdoutLine: {'line': b'-- Installing: /home/ali-suleiman/first_slam_project/install/turtlebot3_fake_node/share/turtlebot3_fake_node/local_setup.dsv\n'}
[17.349932] (turtlebot3_fake_node) StdoutLine: {'line': b'-- Installing: /home/ali-suleiman/first_slam_project/install/turtlebot3_fake_node/share/turtlebot3_fake_node/package.dsv\n'}
[17.350121] (turtlebot3_fake_node) StdoutLine: {'line': b'-- Installing: /home/ali-suleiman/first_slam_project/install/turtlebot3_fake_node/share/ament_index/resource_index/packages/turtlebot3_fake_node\n'}
[17.350387] (turtlebot3_fake_node) StdoutLine: {'line': b'-- Installing: /home/ali-suleiman/first_slam_project/install/turtlebot3_fake_node/share/turtlebot3_fake_node/cmake/ament_cmake_export_include_directories-extras.cmake\n'}
[17.350542] (turtlebot3_fake_node) StdoutLine: {'line': b'-- Installing: /home/ali-suleiman/first_slam_project/install/turtlebot3_fake_node/share/turtlebot3_fake_node/cmake/ament_cmake_export_dependencies-extras.cmake\n'}
[17.350751] (turtlebot3_fake_node) StdoutLine: {'line': b'-- Installing: /home/ali-suleiman/first_slam_project/install/turtlebot3_fake_node/share/turtlebot3_fake_node/cmake/turtlebot3_fake_nodeConfig.cmake\n'}
[17.350877] (turtlebot3_fake_node) StdoutLine: {'line': b'-- Installing: /home/ali-suleiman/first_slam_project/install/turtlebot3_fake_node/share/turtlebot3_fake_node/cmake/turtlebot3_fake_nodeConfig-version.cmake\n'}
[17.351008] (turtlebot3_fake_node) StdoutLine: {'line': b'-- Installing: /home/ali-suleiman/first_slam_project/install/turtlebot3_fake_node/share/turtlebot3_fake_node/package.xml\n'}
[17.353019] (turtlebot3_fake_node) CommandEnded: {'returncode': 0}
[17.379132] (turtlebot3_fake_node) JobEnded: {'identifier': 'turtlebot3_fake_node', 'rc': 0}
[17.446780] (-) TimerEvent: {}
[17.547084] (-) TimerEvent: {}
[17.647405] (-) TimerEvent: {}
[17.747706] (-) TimerEvent: {}
[17.848024] (-) TimerEvent: {}
[17.948326] (-) TimerEvent: {}
[18.048603] (-) TimerEvent: {}
[18.148928] (-) TimerEvent: {}
[18.249416] (-) TimerEvent: {}
[18.349681] (-) TimerEvent: {}
[18.450005] (-) TimerEvent: {}
[18.550261] (-) TimerEvent: {}
[18.650517] (-) TimerEvent: {}
[18.750773] (-) TimerEvent: {}
[18.851036] (-) TimerEvent: {}
[18.951261] (-) TimerEvent: {}
[19.051529] (-) TimerEvent: {}
[19.151794] (-) TimerEvent: {}
[19.252060] (-) TimerEvent: {}
[19.352333] (-) TimerEvent: {}
[19.452599] (-) TimerEvent: {}
[19.552895] (-) TimerEvent: {}
[19.648258] (turtlebot3_gazebo) StdoutLine: {'line': b'[100%] \x1b[32m\x1b[1mLinking CXX executable turtlebot3_drive\x1b[0m\n'}
[19.653015] (-) TimerEvent: {}
[19.753257] (-) TimerEvent: {}
[19.853528] (-) TimerEvent: {}
[19.953875] (-) TimerEvent: {}
[20.054339] (-) TimerEvent: {}
[20.154603] (-) TimerEvent: {}
[20.217767] (turtlebot3_gazebo) StdoutLine: {'line': b'[100%] Built target turtlebot3_drive\n'}
[20.232983] (turtlebot3_gazebo) CommandEnded: {'returncode': 0}
[20.233777] (turtlebot3_gazebo) JobProgress: {'identifier': 'turtlebot3_gazebo', 'progress': 'install'}
[20.234445] (turtlebot3_gazebo) Command: {'cmd': ['/usr/bin/cmake', '--install', '/home/ali-suleiman/first_slam_project/build/turtlebot3_gazebo'], 'cwd': '/home/ali-suleiman/first_slam_project/build/turtlebot3_gazebo', 'env': OrderedDict({'GJS_DEBUG_TOPICS': 'JS ERROR;JS LOG', 'XDG_ACTIVATION_TOKEN': 'gnome-shell/Terminator/9436-1-ali-suleiman-IdeaPad-Gaming-3-15IMH05_TIME1079827', 'LESSOPEN': '| /usr/bin/lesspipe %s', 'GZ_SIM_RESOURCE_PATH': '/opt/ros/jazzy/share:/usr/share/gz:/home/ali-suleiman/.gz/gazebo', 'USER': 'ali-suleiman', 'GZ_CONFIG_PATH': '/opt/ros/jazzy/opt/gz_sim_vendor/share/gz:/opt/ros/jazzy/opt/sdformat_vendor/share/gz:/opt/ros/jazzy/opt/gz_gui_vendor/share/gz:/opt/ros/jazzy/opt/gz_transport_vendor/share/gz:/opt/ros/jazzy/opt/gz_rendering_vendor/share/gz:/opt/ros/jazzy/opt/gz_plugin_vendor/share/gz:/opt/ros/jazzy/opt/gz_fuel_tools_vendor/share/gz:/opt/ros/jazzy/opt/gz_msgs_vendor/share/gz:/opt/ros/jazzy/opt/gz_common_vendor/share/gz', 'XDG_SESSION_TYPE': 'x11', 'CLUTTER_DISABLE_MIPMAPPED_TEXT': '1', 'SHLVL': '1', 'LD_LIBRARY_PATH': '/opt/ros/jazzy/opt/gz_sim_vendor/lib:/opt/ros/jazzy/opt/gz_sensors_vendor/lib:/opt/ros/jazzy/opt/gz_physics_vendor/lib:/opt/ros/jazzy/opt/sdformat_vendor/lib:/opt/ros/jazzy/opt/rviz_ogre_vendor/lib:/opt/ros/jazzy/lib/x86_64-linux-gnu:/opt/ros/jazzy/opt/gz_gui_vendor/lib:/opt/ros/jazzy/opt/gz_transport_vendor/lib:/opt/ros/jazzy/opt/gz_rendering_vendor/lib:/opt/ros/jazzy/opt/gz_plugin_vendor/lib:/opt/ros/jazzy/opt/gz_fuel_tools_vendor/lib:/opt/ros/jazzy/opt/gz_msgs_vendor/lib:/opt/ros/jazzy/opt/gz_common_vendor/lib:/opt/ros/jazzy/opt/gz_math_vendor/lib:/opt/ros/jazzy/opt/gz_utils_vendor/lib:/opt/ros/jazzy/opt/gz_tools_vendor/lib:/opt/ros/jazzy/opt/gz_ogre_next_vendor/lib:/opt/ros/jazzy/opt/gz_dartsim_vendor/lib:/opt/ros/jazzy/opt/gz_cmake_vendor/lib:/opt/ros/jazzy/lib:/home/ali-suleiman/.mujoco/mujoco-2.3.0/bin:/usr/lib/nvidia', 'HOME': '/home/ali-suleiman', 'OLDPWD': '/home/ali-suleiman/first_slam_project/src', 'DESKTOP_SESSION': 'ubuntu', 'GIO_LAUNCHED_DESKTOP_FILE': '/usr/share/applications/terminator.desktop', 'ROS_PYTHON_VERSION': '3', 'GNOME_SHELL_SESSION_MODE': 'ubuntu', 'GTK_MODULES': 'gail:atk-bridge', 'MANAGERPID': '7610', 'SYSTEMD_EXEC_PID': '9436', 'GSM_SKIP_SSH_AGENT_WORKAROUND': 'true', 'DBUS_SESSION_BUS_ADDRESS': 'unix:path=/run/user/1000/bus', 'COLORTERM': 'truecolor', 'TERMINATOR_DBUS_NAME': 'net.tenshu.Terminator23558193cd9818af7fe4d2c2f5bd9d00f', 'GIO_LAUNCHED_DESKTOP_FILE_PID': '108060', 'DEBUGINFOD_URLS': 'https://debuginfod.ubuntu.com', 'COLCON_PREFIX_PATH': '/home/ali-suleiman/slam_project/install', 'ROS_DISTRO': 'jazzy', 'LOGNAME': 'ali-suleiman', 'JOURNAL_STREAM': '9:34002', '_': '/usr/bin/colcon', 'ROS_VERSION': '2', 'MEMORY_PRESSURE_WATCH': '/sys/fs/cgroup/user.slice/user-1000.slice/user@1000.service/session.slice/org.gnome.Shell@x11.service/memory.pressure', 'XDG_SESSION_CLASS': 'user', 'USERNAME': 'ali-suleiman', 'TERM': 'xterm-256color', 'GAZEBO_MODEL_PATH': '/usr/share/gazebo-11/models:/home/ali-suleiman/.gazebo/models::/home/ali-suleiman/my_gazebo_world/worlds', 'GNOME_DESKTOP_SESSION_ID': 'this-is-deprecated', 'WINDOWPATH': '2', 'PATH': '/opt/ros/jazzy/opt/gz_msgs_vendor/bin:/opt/ros/jazzy/opt/gz_tools_vendor/bin:/opt/ros/jazzy/opt/gz_ogre_next_vendor/bin:/opt/ros/jazzy/bin:/usr/local/sbin:/usr/local/bin:/usr/sbin:/usr/bin:/sbin:/bin:/usr/games:/usr/local/games:/snap/bin:/snap/bin', 'SESSION_MANAGER': 'local/ali-suleiman-IdeaPad-Gaming-3-15IMH05:@/tmp/.ICE-unix/9303,unix/ali-suleiman-IdeaPad-Gaming-3-15IMH05:/tmp/.ICE-unix/9303', 'INVOCATION_ID': 'abfb634d324646159bd4931a9ceaa6be', 'GTK3_MODULES': 'xapp-gtk3-module', 'XDG_MENU_PREFIX': 'gnome-', 'MUJOCO_PATH': '/home/ali-suleiman/.mujoco/mujoco-2.3.0', 'XDG_RUNTIME_DIR': '/run/user/1000', 'DISPLAY': ':1', 'TERMINATOR_DBUS_PATH': '/net/tenshu/Terminator2', 'LANG': 'en_US.UTF-8', 'XDG_CURRENT_DESKTOP': 'ubuntu:GNOME', 'RMW_IMPLEMENTATION': 'rmw_cyclonedds_cpp', 'XMODIFIERS': '@im=ibus', 'XDG_SESSION_DESKTOP': 'ubuntu', 'XAUTHORITY': '/run/user/1000/gdm/Xauthority', 'LS_COLORS': 'rs=0:di=01;34:ln=01;36:mh=00:pi=40;33:so=01;35:do=01;35:bd=40;33;01:cd=40;33;01:or=40;31;01:mi=00:su=37;41:sg=30;43:ca=00:tw=30;42:ow=34;42:st=37;44:ex=01;32:*.tar=01;31:*.tgz=01;31:*.arc=01;31:*.arj=01;31:*.taz=01;31:*.lha=01;31:*.lz4=01;31:*.lzh=01;31:*.lzma=01;31:*.tlz=01;31:*.txz=01;31:*.tzo=01;31:*.t7z=01;31:*.zip=01;31:*.z=01;31:*.dz=01;31:*.gz=01;31:*.lrz=01;31:*.lz=01;31:*.lzo=01;31:*.xz=01;31:*.zst=01;31:*.tzst=01;31:*.bz2=01;31:*.bz=01;31:*.tbz=01;31:*.tbz2=01;31:*.tz=01;31:*.deb=01;31:*.rpm=01;31:*.jar=01;31:*.war=01;31:*.ear=01;31:*.sar=01;31:*.rar=01;31:*.alz=01;31:*.ace=01;31:*.zoo=01;31:*.cpio=01;31:*.7z=01;31:*.rz=01;31:*.cab=01;31:*.wim=01;31:*.swm=01;31:*.dwm=01;31:*.esd=01;31:*.avif=01;35:*.jpg=01;35:*.jpeg=01;35:*.mjpg=01;35:*.mjpeg=01;35:*.gif=01;35:*.bmp=01;35:*.pbm=01;35:*.pgm=01;35:*.ppm=01;35:*.tga=01;35:*.xbm=01;35:*.xpm=01;35:*.tif=01;35:*.tiff=01;35:*.png=01;35:*.svg=01;35:*.svgz=01;35:*.mng=01;35:*.pcx=01;35:*.mov=01;35:*.mpg=01;35:*.mpeg=01;35:*.m2v=01;35:*.mkv=01;35:*.webm=01;35:*.webp=01;35:*.ogm=01;35:*.mp4=01;35:*.m4v=01;35:*.mp4v=01;35:*.vob=01;35:*.qt=01;35:*.nuv=01;35:*.wmv=01;35:*.asf=01;35:*.rm=01;35:*.rmvb=01;35:*.flc=01;35:*.avi=01;35:*.fli=01;35:*.flv=01;35:*.gl=01;35:*.dl=01;35:*.xcf=01;35:*.xwd=01;35:*.yuv=01;35:*.cgm=01;35:*.emf=01;35:*.ogv=01;35:*.ogx=01;35:*.aac=00;36:*.au=00;36:*.flac=00;36:*.m4a=00;36:*.mid=00;36:*.midi=00;36:*.mka=00;36:*.mp3=00;36:*.mpc=00;36:*.ogg=00;36:*.ra=00;36:*.wav=00;36:*.oga=00;36:*.opus=00;36:*.spx=00;36:*.xspf=00;36:*~=00;90:*#=00;90:*.bak=00;90:*.crdownload=00;90:*.dpkg-dist=00;90:*.dpkg-new=00;90:*.dpkg-old=00;90:*.dpkg-tmp=00;90:*.old=00;90:*.orig=00;90:*.part=00;90:*.rej=00;90:*.rpmnew=00;90:*.rpmorig=00;90:*.rpmsave=00;90:*.swp=00;90:*.tmp=00;90:*.ucf-dist=00;90:*.ucf-new=00;90:*.ucf-old=00;90:', 'SSH_AUTH_SOCK': '/run/user/1000/keyring/ssh', 'AMENT_PREFIX_PATH': '/home/ali-suleiman/slam_project/install/turtlebot3_simulations:/home/ali-suleiman/slam_project/install/turtlebot3_gazebo:/home/ali-suleiman/slam_project/install/turtlebot3_fake_node:/opt/ros/jazzy', 'SHELL': '/bin/bash', 'TERMINATOR_UUID': 'urn:uuid:8a2fa994-5d15-4f53-9572-8bb63e069108', 'QT_ACCESSIBILITY': '1', 'GDMSESSION': 'ubuntu', 'LESSCLOSE': '/usr/bin/lesspipe %s %s', 'GPG_AGENT_INFO': '/run/user/1000/gnupg/S.gpg-agent:0:1', 'GJS_DEBUG_OUTPUT': 'stderr', 'ROS_AUTOMATIC_DISCOVERY_RANGE': 'SUBNET', 'QT_IM_MODULE': 'ibus', 'PWD': '/home/ali-suleiman/first_slam_project/build/turtlebot3_gazebo', 'TURTLEBOT3_MODEL': 'waffle', 'LC_ALL': 'en_US.UTF-8', 'XDG_CONFIG_DIRS': '/etc/xdg/xdg-ubuntu:/etc/xdg', 'XDG_DATA_DIRS': '/usr/share/ubuntu:/usr/share/gnome:/usr/local/share/:/usr/share/:/var/lib/snapd/desktop', 'PYTHONPATH': '/opt/ros/jazzy/lib/python3.12/site-packages', 'COLCON': '1', 'MEMORY_PRESSURE_WRITE': 'c29tZSAyMDAwMDAgMjAwMDAwMAA=', 'VTE_VERSION': '7600', 'CMAKE_PREFIX_PATH': '/home/ali-suleiman/slam_project/install/turtlebot3_simulations:/home/ali-suleiman/slam_project/install/turtlebot3_gazebo:/home/ali-suleiman/slam_project/install/turtlebot3_fake_node:/opt/ros/jazzy/opt/gz_sim_vendor:/opt/ros/jazzy/opt/gz_sensors_vendor:/opt/ros/jazzy/opt/gz_physics_vendor:/opt/ros/jazzy/opt/sdformat_vendor:/opt/ros/jazzy/opt/gz_gui_vendor:/opt/ros/jazzy/opt/gz_transport_vendor:/opt/ros/jazzy/opt/gz_rendering_vendor:/opt/ros/jazzy/opt/gz_plugin_vendor:/opt/ros/jazzy/opt/gz_fuel_tools_vendor:/opt/ros/jazzy/opt/gz_msgs_vendor:/opt/ros/jazzy/opt/gz_common_vendor:/opt/ros/jazzy/opt/gz_math_vendor:/opt/ros/jazzy/opt/gz_utils_vendor:/opt/ros/jazzy/opt/gz_tools_vendor:/opt/ros/jazzy/opt/gz_ogre_next_vendor:/opt/ros/jazzy/opt/gz_dartsim_vendor:/opt/ros/jazzy/opt/gz_cmake_vendor:/opt/ros/jazzy'}), 'shell': False}
[20.245080] (turtlebot3_gazebo) StdoutLine: {'line': b'-- Install configuration: ""\n'}
[20.245394] (turtlebot3_gazebo) StdoutLine: {'line': b'-- Installing: /home/ali-suleiman/first_slam_project/install/turtlebot3_gazebo/lib/turtlebot3_gazebo/turtlebot3_drive\n'}
[20.252121] (turtlebot3_gazebo) StdoutLine: {'line': b'-- Set non-toolchain portion of runtime path of "/home/ali-suleiman/first_slam_project/install/turtlebot3_gazebo/lib/turtlebot3_gazebo/turtlebot3_drive" to ""\n'}
[20.252433] (turtlebot3_gazebo) StdoutLine: {'line': b'-- Installing: /home/ali-suleiman/first_slam_project/install/turtlebot3_gazebo/lib/turtlebot3_gazebo/libobstacles.so\n'}
[20.253174] (turtlebot3_gazebo) StdoutLine: {'line': b'-- Set non-toolchain portion of runtime path of "/home/ali-suleiman/first_slam_project/install/turtlebot3_gazebo/lib/turtlebot3_gazebo/libobstacles.so" to ""\n'}
[20.253366] (turtlebot3_gazebo) StdoutLine: {'line': b'-- Installing: /home/ali-suleiman/first_slam_project/install/turtlebot3_gazebo/lib/turtlebot3_gazebo/libobstacle1.so\n'}
[20.254042] (turtlebot3_gazebo) StdoutLine: {'line': b'-- Set non-toolchain portion of runtime path of "/home/ali-suleiman/first_slam_project/install/turtlebot3_gazebo/lib/turtlebot3_gazebo/libobstacle1.so" to ""\n'}
[20.254190] (turtlebot3_gazebo) StdoutLine: {'line': b'-- Installing: /home/ali-suleiman/first_slam_project/install/turtlebot3_gazebo/lib/turtlebot3_gazebo/libobstacle2.so\n'}
[20.254667] (-) TimerEvent: {}
[20.254830] (turtlebot3_gazebo) StdoutLine: {'line': b'-- Set non-toolchain portion of runtime path of "/home/ali-suleiman/first_slam_project/install/turtlebot3_gazebo/lib/turtlebot3_gazebo/libobstacle2.so" to ""\n'}
[20.254981] (turtlebot3_gazebo) StdoutLine: {'line': b'-- Installing: /home/ali-suleiman/first_slam_project/install/turtlebot3_gazebo/share/turtlebot3_gazebo//launch\n'}
[20.255113] (turtlebot3_gazebo) StdoutLine: {'line': b'-- Installing: /home/ali-suleiman/first_slam_project/install/turtlebot3_gazebo/share/turtlebot3_gazebo//launch/turtlebot3_dqn_stage4.launch.py\n'}
[20.255311] (turtlebot3_gazebo) StdoutLine: {'line': b'-- Installing: /home/ali-suleiman/first_slam_project/install/turtlebot3_gazebo/share/turtlebot3_gazebo//launch/turtlebot3_house.launch.py\n'}
[20.255460] (turtlebot3_gazebo) StdoutLine: {'line': b'-- Installing: /home/ali-suleiman/first_slam_project/install/turtlebot3_gazebo/share/turtlebot3_gazebo//launch/turtlebot3_world.launch.py\n'}
[20.255612] (turtlebot3_gazebo) StdoutLine: {'line': b'-- Installing: /home/ali-suleiman/first_slam_project/install/turtlebot3_gazebo/share/turtlebot3_gazebo//launch/turtlebot3_my_world.launch.py\n'}
[20.255752] (turtlebot3_gazebo) StdoutLine: {'line': b'-- Installing: /home/ali-suleiman/first_slam_project/install/turtlebot3_gazebo/share/turtlebot3_gazebo//launch/robot_state_publisher.launch.py\n'}
[20.255903] (turtlebot3_gazebo) StdoutLine: {'line': b'-- Installing: /home/ali-suleiman/first_slam_project/install/turtlebot3_gazebo/share/turtlebot3_gazebo//launch/turtlebot3_dqn_stage2.launch.py\n'}
[20.256060] (turtlebot3_gazebo) StdoutLine: {'line': b'-- Installing: /home/ali-suleiman/first_slam_project/install/turtlebot3_gazebo/share/turtlebot3_gazebo//launch/turtlebot3_dqn_stage3.launch.py\n'}
[20.256194] (turtlebot3_gazebo) StdoutLine: {'line': b'-- Installing: /home/ali-suleiman/first_slam_project/install/turtlebot3_gazebo/share/turtlebot3_gazebo//launch/empty_world.launch.py\n'}
[20.256319] (turtlebot3_gazebo) StdoutLine: {'line': b'-- Installing: /home/ali-suleiman/first_slam_project/install/turtlebot3_gazebo/share/turtlebot3_gazebo//launch/turtlebot3_dqn_stage1.launch.py\n'}
[20.256453] (turtlebot3_gazebo) StdoutLine: {'line': b'-- Installing: /home/ali-suleiman/first_slam_project/install/turtlebot3_gazebo/share/turtlebot3_gazebo//launch/spawn_turtlebot3.launch.py\n'}
[20.256594] (turtlebot3_gazebo) StdoutLine: {'line': b'-- Installing: /home/ali-suleiman/first_slam_project/install/turtlebot3_gazebo/share/turtlebot3_gazebo//models\n'}
[20.256736] (turtlebot3_gazebo) StdoutLine: {'line': b'-- Installing: /home/ali-suleiman/first_slam_project/install/turtlebot3_gazebo/share/turtlebot3_gazebo//models/turtlebot3_house\n'}
[20.256879] (turtlebot3_gazebo) StdoutLine: {'line': b'-- Installing: /home/ali-suleiman/first_slam_project/install/turtlebot3_gazebo/share/turtlebot3_gazebo//models/turtlebot3_house/first_2015_trash_can\n'}
[20.257024] (turtlebot3_gazebo) StdoutLine: {'line': b'-- Installing: /home/ali-suleiman/first_slam_project/install/turtlebot3_gazebo/share/turtlebot3_gazebo//models/turtlebot3_house/first_2015_trash_can/meshes\n'}
[20.257184] (turtlebot3_gazebo) StdoutLine: {'line': b'-- Installing: /home/ali-suleiman/first_slam_project/install/turtlebot3_gazebo/share/turtlebot3_gazebo//models/turtlebot3_house/first_2015_trash_can/meshes/trash_can.dae\n'}
[20.258138] (turtlebot3_gazebo) StdoutLine: {'line': b'-- Installing: /home/ali-suleiman/first_slam_project/install/turtlebot3_gazebo/share/turtlebot3_gazebo//models/turtlebot3_house/first_2015_trash_can/model.config\n'}
[20.258480] (turtlebot3_gazebo) StdoutLine: {'line': b'-- Installing: /home/ali-suleiman/first_slam_project/install/turtlebot3_gazebo/share/turtlebot3_gazebo//models/turtlebot3_house/first_2015_trash_can/model.sdf\n'}
[20.258670] (turtlebot3_gazebo) StdoutLine: {'line': b'-- Installing: /home/ali-suleiman/first_slam_project/install/turtlebot3_gazebo/share/turtlebot3_gazebo//models/turtlebot3_house/model.config\n'}
[20.258875] (turtlebot3_gazebo) StdoutLine: {'line': b'-- Installing: /home/ali-suleiman/first_slam_project/install/turtlebot3_gazebo/share/turtlebot3_gazebo//models/turtlebot3_house/cafe_table\n'}
[20.259066] (turtlebot3_gazebo) StdoutLine: {'line': b'-- Installing: /home/ali-suleiman/first_slam_project/install/turtlebot3_gazebo/share/turtlebot3_gazebo//models/turtlebot3_house/cafe_table/meshes\n'}
[20.259337] (turtlebot3_gazebo) StdoutLine: {'line': b'-- Installing: /home/ali-suleiman/first_slam_project/install/turtlebot3_gazebo/share/turtlebot3_gazebo//models/turtlebot3_house/cafe_table/meshes/cafe_table.dae\n'}
[20.259481] (turtlebot3_gazebo) StdoutLine: {'line': b'-- Installing: /home/ali-suleiman/first_slam_project/install/turtlebot3_gazebo/share/turtlebot3_gazebo//models/turtlebot3_house/cafe_table/model.config\n'}
[20.259648] (turtlebot3_gazebo) StdoutLine: {'line': b'-- Installing: /home/ali-suleiman/first_slam_project/install/turtlebot3_gazebo/share/turtlebot3_gazebo//models/turtlebot3_house/cafe_table/materials\n'}
[20.259836] (turtlebot3_gazebo) StdoutLine: {'line': b'-- Installing: /home/ali-suleiman/first_slam_project/install/turtlebot3_gazebo/share/turtlebot3_gazebo//models/turtlebot3_house/cafe_table/materials/textures\n'}
[20.260026] (turtlebot3_gazebo) StdoutLine: {'line': b'-- Installing: /home/ali-suleiman/first_slam_project/install/turtlebot3_gazebo/share/turtlebot3_gazebo//models/turtlebot3_house/cafe_table/materials/textures/Wood_Floor_Dark.jpg\n'}
[20.260143] (turtlebot3_gazebo) StdoutLine: {'line': b'-- Installing: /home/ali-suleiman/first_slam_project/install/turtlebot3_gazebo/share/turtlebot3_gazebo//models/turtlebot3_house/cafe_table/materials/textures/Maple.jpg\n'}
[20.260267] (turtlebot3_gazebo) StdoutLine: {'line': b'-- Installing: /home/ali-suleiman/first_slam_project/install/turtlebot3_gazebo/share/turtlebot3_gazebo//models/turtlebot3_house/cafe_table/model-1_4.sdf\n'}
[20.260469] (turtlebot3_gazebo) StdoutLine: {'line': b'-- Installing: /home/ali-suleiman/first_slam_project/install/turtlebot3_gazebo/share/turtlebot3_gazebo//models/turtlebot3_house/cafe_table/model.sdf\n'}
[20.260697] (turtlebot3_gazebo) StdoutLine: {'line': b'-- Installing: /home/ali-suleiman/first_slam_project/install/turtlebot3_gazebo/share/turtlebot3_gazebo//models/turtlebot3_house/mailbox\n'}
[20.260904] (turtlebot3_gazebo) StdoutLine: {'line': b'-- Installing: /home/ali-suleiman/first_slam_project/install/turtlebot3_gazebo/share/turtlebot3_gazebo//models/turtlebot3_house/mailbox/meshes\n'}
[20.261026] (turtlebot3_gazebo) StdoutLine: {'line': b'-- Installing: /home/ali-suleiman/first_slam_project/install/turtlebot3_gazebo/share/turtlebot3_gazebo//models/turtlebot3_house/mailbox/meshes/mailbox.dae\n'}
[20.261237] (turtlebot3_gazebo) StdoutLine: {'line': b'-- Installing: /home/ali-suleiman/first_slam_project/install/turtlebot3_gazebo/share/turtlebot3_gazebo//models/turtlebot3_house/mailbox/model.config\n'}
[20.261346] (turtlebot3_gazebo) StdoutLine: {'line': b'-- Installing: /home/ali-suleiman/first_slam_project/install/turtlebot3_gazebo/share/turtlebot3_gazebo//models/turtlebot3_house/mailbox/materials\n'}
[20.261448] (turtlebot3_gazebo) StdoutLine: {'line': b'-- Installing: /home/ali-suleiman/first_slam_project/install/turtlebot3_gazebo/share/turtlebot3_gazebo//models/turtlebot3_house/mailbox/materials/scripts\n'}
[20.261601] (turtlebot3_gazebo) StdoutLine: {'line': b'-- Installing: /home/ali-suleiman/first_slam_project/install/turtlebot3_gazebo/share/turtlebot3_gazebo//models/turtlebot3_house/mailbox/materials/scripts/mailbox.material\n'}
[20.261768] (turtlebot3_gazebo) StdoutLine: {'line': b'-- Installing: /home/ali-suleiman/first_slam_project/install/turtlebot3_gazebo/share/turtlebot3_gazebo//models/turtlebot3_house/mailbox/materials/textures\n'}
[20.261911] (turtlebot3_gazebo) StdoutLine: {'line': b'-- Installing: /home/ali-suleiman/first_slam_project/install/turtlebot3_gazebo/share/turtlebot3_gazebo//models/turtlebot3_house/mailbox/materials/textures/Mailbox_Diffuse.png\n'}
[20.262049] (turtlebot3_gazebo) StdoutLine: {'line': b'-- Installing: /home/ali-suleiman/first_slam_project/install/turtlebot3_gazebo/share/turtlebot3_gazebo//models/turtlebot3_house/mailbox/materials/textures/Mailbox_Diffuse.tga.orig\n'}
[20.262199] (turtlebot3_gazebo) StdoutLine: {'line': b'-- Installing: /home/ali-suleiman/first_slam_project/install/turtlebot3_gazebo/share/turtlebot3_gazebo//models/turtlebot3_house/mailbox/materials/textures/Mailbox_Spec.png\n'}
[20.262707] (turtlebot3_gazebo) StdoutLine: {'line': b'-- Installing: /home/ali-suleiman/first_slam_project/install/turtlebot3_gazebo/share/turtlebot3_gazebo//models/turtlebot3_house/mailbox/model-1_3.sdf\n'}
[20.262857] (turtlebot3_gazebo) StdoutLine: {'line': b'-- Installing: /home/ali-suleiman/first_slam_project/install/turtlebot3_gazebo/share/turtlebot3_gazebo//models/turtlebot3_house/mailbox/model-1_4.sdf\n'}
[20.263028] (turtlebot3_gazebo) StdoutLine: {'line': b'-- Installing: /home/ali-suleiman/first_slam_project/install/turtlebot3_gazebo/share/turtlebot3_gazebo//models/turtlebot3_house/mailbox/model.sdf\n'}
[20.263326] (turtlebot3_gazebo) StdoutLine: {'line': b'-- Installing: /home/ali-suleiman/first_slam_project/install/turtlebot3_gazebo/share/turtlebot3_gazebo//models/turtlebot3_house/textures\n'}
[20.263469] (turtlebot3_gazebo) StdoutLine: {'line': b'-- Installing: /home/ali-suleiman/first_slam_project/install/turtlebot3_gazebo/share/turtlebot3_gazebo//models/turtlebot3_house/textures/bricks.png\n'}
[20.265369] (turtlebot3_gazebo) StdoutLine: {'line': b'-- Installing: /home/ali-suleiman/first_slam_project/install/turtlebot3_gazebo/share/turtlebot3_gazebo//models/turtlebot3_house/textures/wood.png\n'}
[20.265564] (turtlebot3_gazebo) StdoutLine: {'line': b'-- Installing: /home/ali-suleiman/first_slam_project/install/turtlebot3_gazebo/share/turtlebot3_gazebo//models/turtlebot3_house/model.sdf\n'}
[20.265820] (turtlebot3_gazebo) StdoutLine: {'line': b'-- Installing: /home/ali-suleiman/first_slam_project/install/turtlebot3_gazebo/share/turtlebot3_gazebo//models/turtlebot3_house/table_marble\n'}
[20.265974] (turtlebot3_gazebo) StdoutLine: {'line': b'-- Installing: /home/ali-suleiman/first_slam_project/install/turtlebot3_gazebo/share/turtlebot3_gazebo//models/turtlebot3_house/table_marble/meshes\n'}
[20.266121] (turtlebot3_gazebo) StdoutLine: {'line': b'-- Installing: /home/ali-suleiman/first_slam_project/install/turtlebot3_gazebo/share/turtlebot3_gazebo//models/turtlebot3_house/table_marble/meshes/table_lightmap.dae\n'}
[20.266468] (turtlebot3_gazebo) StdoutLine: {'line': b'-- Installing: /home/ali-suleiman/first_slam_project/install/turtlebot3_gazebo/share/turtlebot3_gazebo//models/turtlebot3_house/table_marble/model.config\n'}
[20.266600] (turtlebot3_gazebo) StdoutLine: {'line': b'-- Installing: /home/ali-suleiman/first_slam_project/install/turtlebot3_gazebo/share/turtlebot3_gazebo//models/turtlebot3_house/table_marble/materials\n'}
[20.266734] (turtlebot3_gazebo) StdoutLine: {'line': b'-- Installing: /home/ali-suleiman/first_slam_project/install/turtlebot3_gazebo/share/turtlebot3_gazebo//models/turtlebot3_house/table_marble/materials/scripts\n'}
[20.266856] (turtlebot3_gazebo) StdoutLine: {'line': b'-- Installing: /home/ali-suleiman/first_slam_project/install/turtlebot3_gazebo/share/turtlebot3_gazebo//models/turtlebot3_house/table_marble/materials/scripts/table_lightmap.material\n'}
[20.266983] (turtlebot3_gazebo) StdoutLine: {'line': b'-- Installing: /home/ali-suleiman/first_slam_project/install/turtlebot3_gazebo/share/turtlebot3_gazebo//models/turtlebot3_house/table_marble/materials/textures\n'}
[20.267115] (turtlebot3_gazebo) StdoutLine: {'line': b'-- Installing: /home/ali-suleiman/first_slam_project/install/turtlebot3_gazebo/share/turtlebot3_gazebo//models/turtlebot3_house/table_marble/materials/textures/table_lightmap.png\n'}
[20.267317] (turtlebot3_gazebo) StdoutLine: {'line': b'-- Installing: /home/ali-suleiman/first_slam_project/install/turtlebot3_gazebo/share/turtlebot3_gazebo//models/turtlebot3_house/table_marble/materials/textures/marble.png\n'}
[20.267552] (turtlebot3_gazebo) StdoutLine: {'line': b'-- Installing: /home/ali-suleiman/first_slam_project/install/turtlebot3_gazebo/share/turtlebot3_gazebo//models/turtlebot3_house/table_marble/model-1_4.sdf\n'}
[20.267694] (turtlebot3_gazebo) StdoutLine: {'line': b'-- Installing: /home/ali-suleiman/first_slam_project/install/turtlebot3_gazebo/share/turtlebot3_gazebo//models/turtlebot3_house/table_marble/model.sdf\n'}
[20.267820] (turtlebot3_gazebo) StdoutLine: {'line': b'-- Installing: /home/ali-suleiman/first_slam_project/install/turtlebot3_gazebo/share/turtlebot3_gazebo//models/turtlebot3_burger\n'}
[20.267953] (turtlebot3_gazebo) StdoutLine: {'line': b'-- Installing: /home/ali-suleiman/first_slam_project/install/turtlebot3_gazebo/share/turtlebot3_gazebo//models/turtlebot3_burger/model.config\n'}
[20.268058] (turtlebot3_gazebo) StdoutLine: {'line': b'-- Installing: /home/ali-suleiman/first_slam_project/install/turtlebot3_gazebo/share/turtlebot3_gazebo//models/turtlebot3_burger/model-1_4.sdf\n'}
[20.268205] (turtlebot3_gazebo) StdoutLine: {'line': b'-- Installing: /home/ali-suleiman/first_slam_project/install/turtlebot3_gazebo/share/turtlebot3_gazebo//models/turtlebot3_burger/model.sdf\n'}
[20.268372] (turtlebot3_gazebo) StdoutLine: {'line': b'-- Installing: /home/ali-suleiman/first_slam_project/install/turtlebot3_gazebo/share/turtlebot3_gazebo//models/turtlebot3_waffle\n'}
[20.268534] (turtlebot3_gazebo) StdoutLine: {'line': b'-- Installing: /home/ali-suleiman/first_slam_project/install/turtlebot3_gazebo/share/turtlebot3_gazebo//models/turtlebot3_waffle/model.config\n'}
[20.268659] (turtlebot3_gazebo) StdoutLine: {'line': b'-- Installing: /home/ali-suleiman/first_slam_project/install/turtlebot3_gazebo/share/turtlebot3_gazebo//models/turtlebot3_waffle/model-1_4.sdf\n'}
[20.268784] (turtlebot3_gazebo) StdoutLine: {'line': b'-- Installing: /home/ali-suleiman/first_slam_project/install/turtlebot3_gazebo/share/turtlebot3_gazebo//models/turtlebot3_waffle/model.sdf\n'}
[20.268915] (turtlebot3_gazebo) StdoutLine: {'line': b'-- Installing: /home/ali-suleiman/first_slam_project/install/turtlebot3_gazebo/share/turtlebot3_gazebo//models/turtlebot3_common\n'}
[20.269019] (turtlebot3_gazebo) StdoutLine: {'line': b'-- Installing: /home/ali-suleiman/first_slam_project/install/turtlebot3_gazebo/share/turtlebot3_gazebo//models/turtlebot3_common/meshes\n'}
[20.269158] (turtlebot3_gazebo) StdoutLine: {'line': b'-- Installing: /home/ali-suleiman/first_slam_project/install/turtlebot3_gazebo/share/turtlebot3_gazebo//models/turtlebot3_common/meshes/burger_base.dae\n'}
[20.269283] (turtlebot3_gazebo) StdoutLine: {'line': b'-- Installing: /home/ali-suleiman/first_slam_project/install/turtlebot3_gazebo/share/turtlebot3_gazebo//models/turtlebot3_common/meshes/waffle_pi_base.dae\n'}
[20.269379] (turtlebot3_gazebo) StdoutLine: {'line': b'-- Installing: /home/ali-suleiman/first_slam_project/install/turtlebot3_gazebo/share/turtlebot3_gazebo//models/turtlebot3_common/meshes/sensors\n'}
[20.269484] (turtlebot3_gazebo) StdoutLine: {'line': b'-- Installing: /home/ali-suleiman/first_slam_project/install/turtlebot3_gazebo/share/turtlebot3_gazebo//models/turtlebot3_common/meshes/sensors/r200.dae\n'}
[20.269650] (turtlebot3_gazebo) StdoutLine: {'line': b'-- Installing: /home/ali-suleiman/first_slam_project/install/turtlebot3_gazebo/share/turtlebot3_gazebo//models/turtlebot3_common/meshes/sensors/astra.dae\n'}
[20.277214] (turtlebot3_gazebo) StdoutLine: {'line': b'-- Installing: /home/ali-suleiman/first_slam_project/install/turtlebot3_gazebo/share/turtlebot3_gazebo//models/turtlebot3_common/meshes/sensors/lds.stl\n'}
[20.277837] (turtlebot3_gazebo) StdoutLine: {'line': b'-- Installing: /home/ali-suleiman/first_slam_project/install/turtlebot3_gazebo/share/turtlebot3_gazebo//models/turtlebot3_common/meshes/sensors/r200.jpg\n'}
[20.278013] (turtlebot3_gazebo) StdoutLine: {'line': b'-- Installing: /home/ali-suleiman/first_slam_project/install/turtlebot3_gazebo/share/turtlebot3_gazebo//models/turtlebot3_common/meshes/sensors/astra.jpg\n'}
[20.278232] (turtlebot3_gazebo) StdoutLine: {'line': b'-- Installing: /home/ali-suleiman/first_slam_project/install/turtlebot3_gazebo/share/turtlebot3_gazebo//models/turtlebot3_common/meshes/r200.dae\n'}
[20.278373] (turtlebot3_gazebo) StdoutLine: {'line': b'-- Installing: /home/ali-suleiman/first_slam_project/install/turtlebot3_gazebo/share/turtlebot3_gazebo//models/turtlebot3_common/meshes/wheels\n'}
[20.278510] (turtlebot3_gazebo) StdoutLine: {'line': b'-- Installing: /home/ali-suleiman/first_slam_project/install/turtlebot3_gazebo/share/turtlebot3_gazebo//models/turtlebot3_common/meshes/wheels/left_tire.stl\n'}
[20.279420] (turtlebot3_gazebo) StdoutLine: {'line': b'-- Installing: /home/ali-suleiman/first_slam_project/install/turtlebot3_gazebo/share/turtlebot3_gazebo//models/turtlebot3_common/meshes/wheels/right_tire.stl\n'}
[20.280372] (turtlebot3_gazebo) StdoutLine: {'line': b'-- Installing: /home/ali-suleiman/first_slam_project/install/turtlebot3_gazebo/share/turtlebot3_gazebo//models/turtlebot3_common/meshes/lds.dae\n'}
[20.280530] (turtlebot3_gazebo) StdoutLine: {'line': b'-- Installing: /home/ali-suleiman/first_slam_project/install/turtlebot3_gazebo/share/turtlebot3_gazebo//models/turtlebot3_common/meshes/waffle_base.dae\n'}
[20.280650] (turtlebot3_gazebo) StdoutLine: {'line': b'-- Installing: /home/ali-suleiman/first_slam_project/install/turtlebot3_gazebo/share/turtlebot3_gazebo//models/turtlebot3_common/meshes/tire.dae\n'}
[20.280788] (turtlebot3_gazebo) StdoutLine: {'line': b'-- Installing: /home/ali-suleiman/first_slam_project/install/turtlebot3_gazebo/share/turtlebot3_gazebo//models/turtlebot3_common/meshes/bases\n'}
[20.280934] (turtlebot3_gazebo) StdoutLine: {'line': b'-- Installing: /home/ali-suleiman/first_slam_project/install/turtlebot3_gazebo/share/turtlebot3_gazebo//models/turtlebot3_common/meshes/bases/waffle_base.stl\n'}
[20.295394] (turtlebot3_gazebo) StdoutLine: {'line': b'-- Installing: /home/ali-suleiman/first_slam_project/install/turtlebot3_gazebo/share/turtlebot3_gazebo//models/turtlebot3_common/meshes/bases/waffle_pi_base.stl\n'}
[20.302126] (turtlebot3_gazebo) StdoutLine: {'line': b'-- Installing: /home/ali-suleiman/first_slam_project/install/turtlebot3_gazebo/share/turtlebot3_gazebo//models/turtlebot3_common/meshes/bases/burger_base.stl\n'}
[20.306174] (turtlebot3_gazebo) StdoutLine: {'line': b'-- Installing: /home/ali-suleiman/first_slam_project/install/turtlebot3_gazebo/share/turtlebot3_gazebo//models/turtlebot3_common/model.config\n'}
[20.306393] (turtlebot3_gazebo) StdoutLine: {'line': b'-- Installing: /home/ali-suleiman/first_slam_project/install/turtlebot3_gazebo/share/turtlebot3_gazebo//models/turtlebot3_burger_cam\n'}
[20.306528] (turtlebot3_gazebo) StdoutLine: {'line': b'-- Installing: /home/ali-suleiman/first_slam_project/install/turtlebot3_gazebo/share/turtlebot3_gazebo//models/turtlebot3_burger_cam/model.config\n'}
[20.306666] (turtlebot3_gazebo) StdoutLine: {'line': b'-- Installing: /home/ali-suleiman/first_slam_project/install/turtlebot3_gazebo/share/turtlebot3_gazebo//models/turtlebot3_burger_cam/model-1_4.sdf\n'}
[20.306797] (turtlebot3_gazebo) StdoutLine: {'line': b'-- Installing: /home/ali-suleiman/first_slam_project/install/turtlebot3_gazebo/share/turtlebot3_gazebo//models/turtlebot3_burger_cam/model.sdf\n'}
[20.306920] (turtlebot3_gazebo) StdoutLine: {'line': b'-- Installing: /home/ali-suleiman/first_slam_project/install/turtlebot3_gazebo/share/turtlebot3_gazebo//models/turtlebot3_waffle_pi\n'}
[20.307025] (turtlebot3_gazebo) StdoutLine: {'line': b'-- Installing: /home/ali-suleiman/first_slam_project/install/turtlebot3_gazebo/share/turtlebot3_gazebo//models/turtlebot3_waffle_pi/model.config\n'}
[20.307129] (turtlebot3_gazebo) StdoutLine: {'line': b'-- Installing: /home/ali-suleiman/first_slam_project/install/turtlebot3_gazebo/share/turtlebot3_gazebo//models/turtlebot3_waffle_pi/model-1_4_.sdf\n'}
[20.307284] (turtlebot3_gazebo) StdoutLine: {'line': b'-- Installing: /home/ali-suleiman/first_slam_project/install/turtlebot3_gazebo/share/turtlebot3_gazebo//models/turtlebot3_waffle_pi/model.sdf\n'}
[20.307391] (turtlebot3_gazebo) StdoutLine: {'line': b'-- Installing: /home/ali-suleiman/first_slam_project/install/turtlebot3_gazebo/share/turtlebot3_gazebo//models/turtlebot3_world\n'}
[20.307498] (turtlebot3_gazebo) StdoutLine: {'line': b'-- Installing: /home/ali-suleiman/first_slam_project/install/turtlebot3_gazebo/share/turtlebot3_gazebo//models/turtlebot3_world/meshes\n'}
[20.307638] (turtlebot3_gazebo) StdoutLine: {'line': b'-- Installing: /home/ali-suleiman/first_slam_project/install/turtlebot3_gazebo/share/turtlebot3_gazebo//models/turtlebot3_world/meshes/hexagon.dae\n'}
[20.307746] (turtlebot3_gazebo) StdoutLine: {'line': b'-- Installing: /home/ali-suleiman/first_slam_project/install/turtlebot3_gazebo/share/turtlebot3_gazebo//models/turtlebot3_world/meshes/wall.dae\n'}
[20.307862] (turtlebot3_gazebo) StdoutLine: {'line': b'-- Installing: /home/ali-suleiman/first_slam_project/install/turtlebot3_gazebo/share/turtlebot3_gazebo//models/turtlebot3_world/model.config\n'}
[20.307968] (turtlebot3_gazebo) StdoutLine: {'line': b'-- Installing: /home/ali-suleiman/first_slam_project/install/turtlebot3_gazebo/share/turtlebot3_gazebo//models/turtlebot3_world/model-1_4.sdf\n'}
[20.308119] (turtlebot3_gazebo) StdoutLine: {'line': b'-- Installing: /home/ali-suleiman/first_slam_project/install/turtlebot3_gazebo/share/turtlebot3_gazebo//models/turtlebot3_world/model.sdf\n'}
[20.308248] (turtlebot3_gazebo) StdoutLine: {'line': b'-- Installing: /home/ali-suleiman/first_slam_project/install/turtlebot3_gazebo/share/turtlebot3_gazebo//models/turtlebot3_dqn_world\n'}
[20.308377] (turtlebot3_gazebo) StdoutLine: {'line': b'-- Installing: /home/ali-suleiman/first_slam_project/install/turtlebot3_gazebo/share/turtlebot3_gazebo//models/turtlebot3_dqn_world/obstacles\n'}
[20.308509] (turtlebot3_gazebo) StdoutLine: {'line': b'-- Installing: /home/ali-suleiman/first_slam_project/install/turtlebot3_gazebo/share/turtlebot3_gazebo//models/turtlebot3_dqn_world/obstacles/model.config\n'}
[20.308622] (turtlebot3_gazebo) StdoutLine: {'line': b'-- Installing: /home/ali-suleiman/first_slam_project/install/turtlebot3_gazebo/share/turtlebot3_gazebo//models/turtlebot3_dqn_world/obstacles/model.sdf\n'}
[20.308750] (turtlebot3_gazebo) StdoutLine: {'line': b'-- Installing: /home/ali-suleiman/first_slam_project/install/turtlebot3_gazebo/share/turtlebot3_gazebo//models/turtlebot3_dqn_world/model.config\n'}
[20.308855] (turtlebot3_gazebo) StdoutLine: {'line': b'-- Installing: /home/ali-suleiman/first_slam_project/install/turtlebot3_gazebo/share/turtlebot3_gazebo//models/turtlebot3_dqn_world/inner_walls\n'}
[20.309000] (turtlebot3_gazebo) StdoutLine: {'line': b'-- Installing: /home/ali-suleiman/first_slam_project/install/turtlebot3_gazebo/share/turtlebot3_gazebo//models/turtlebot3_dqn_world/inner_walls/model.config\n'}
[20.309197] (turtlebot3_gazebo) StdoutLine: {'line': b'-- Installing: /home/ali-suleiman/first_slam_project/install/turtlebot3_gazebo/share/turtlebot3_gazebo//models/turtlebot3_dqn_world/inner_walls/textures\n'}
[20.309329] (turtlebot3_gazebo) StdoutLine: {'line': b'-- Installing: /home/ali-suleiman/first_slam_project/install/turtlebot3_gazebo/share/turtlebot3_gazebo//models/turtlebot3_dqn_world/inner_walls/textures/wood.png\n'}
[20.309437] (turtlebot3_gazebo) StdoutLine: {'line': b'-- Installing: /home/ali-suleiman/first_slam_project/install/turtlebot3_gazebo/share/turtlebot3_gazebo//models/turtlebot3_dqn_world/inner_walls/model.sdf\n'}
[20.309541] (turtlebot3_gazebo) StdoutLine: {'line': b'-- Installing: /home/ali-suleiman/first_slam_project/install/turtlebot3_gazebo/share/turtlebot3_gazebo//models/turtlebot3_dqn_world/obstacle2\n'}
[20.309702] (turtlebot3_gazebo) StdoutLine: {'line': b'-- Installing: /home/ali-suleiman/first_slam_project/install/turtlebot3_gazebo/share/turtlebot3_gazebo//models/turtlebot3_dqn_world/obstacle2/model.config\n'}
[20.309808] (turtlebot3_gazebo) StdoutLine: {'line': b'-- Installing: /home/ali-suleiman/first_slam_project/install/turtlebot3_gazebo/share/turtlebot3_gazebo//models/turtlebot3_dqn_world/obstacle2/model.sdf\n'}
[20.309912] (turtlebot3_gazebo) StdoutLine: {'line': b'-- Installing: /home/ali-suleiman/first_slam_project/install/turtlebot3_gazebo/share/turtlebot3_gazebo//models/turtlebot3_dqn_world/textures\n'}
[20.310017] (turtlebot3_gazebo) StdoutLine: {'line': b'-- Installing: /home/ali-suleiman/first_slam_project/install/turtlebot3_gazebo/share/turtlebot3_gazebo//models/turtlebot3_dqn_world/textures/wood.png\n'}
[20.310178] (turtlebot3_gazebo) StdoutLine: {'line': b'-- Installing: /home/ali-suleiman/first_slam_project/install/turtlebot3_gazebo/share/turtlebot3_gazebo//models/turtlebot3_dqn_world/model.sdf\n'}
[20.310408] (turtlebot3_gazebo) StdoutLine: {'line': b'-- Installing: /home/ali-suleiman/first_slam_project/install/turtlebot3_gazebo/share/turtlebot3_gazebo//models/turtlebot3_dqn_world/goal_box\n'}
[20.310590] (turtlebot3_gazebo) StdoutLine: {'line': b'-- Installing: /home/ali-suleiman/first_slam_project/install/turtlebot3_gazebo/share/turtlebot3_gazebo//models/turtlebot3_dqn_world/goal_box/model.config\n'}
[20.310700] (turtlebot3_gazebo) StdoutLine: {'line': b'-- Installing: /home/ali-suleiman/first_slam_project/install/turtlebot3_gazebo/share/turtlebot3_gazebo//models/turtlebot3_dqn_world/goal_box/model.sdf\n'}
[20.310805] (turtlebot3_gazebo) StdoutLine: {'line': b'-- Installing: /home/ali-suleiman/first_slam_project/install/turtlebot3_gazebo/share/turtlebot3_gazebo//models/turtlebot3_dqn_world/obstacle1\n'}
[20.310910] (turtlebot3_gazebo) StdoutLine: {'line': b'-- Installing: /home/ali-suleiman/first_slam_project/install/turtlebot3_gazebo/share/turtlebot3_gazebo//models/turtlebot3_dqn_world/obstacle1/model.config\n'}
[20.311061] (turtlebot3_gazebo) StdoutLine: {'line': b'-- Installing: /home/ali-suleiman/first_slam_project/install/turtlebot3_gazebo/share/turtlebot3_gazebo//models/turtlebot3_dqn_world/obstacle1/model.sdf\n'}
[20.311314] (turtlebot3_gazebo) StdoutLine: {'line': b'-- Installing: /home/ali-suleiman/first_slam_project/install/turtlebot3_gazebo/share/turtlebot3_gazebo//params\n'}
[20.311441] (turtlebot3_gazebo) StdoutLine: {'line': b'-- Installing: /home/ali-suleiman/first_slam_project/install/turtlebot3_gazebo/share/turtlebot3_gazebo//params/turtlebot3_burger_bridge.yaml\n'}
[20.311550] (turtlebot3_gazebo) StdoutLine: {'line': b'-- Installing: /home/ali-suleiman/first_slam_project/install/turtlebot3_gazebo/share/turtlebot3_gazebo//params/turtlebot3_burger_cam_bridge.yaml\n'}
[20.311656] (turtlebot3_gazebo) StdoutLine: {'line': b'-- Installing: /home/ali-suleiman/first_slam_project/install/turtlebot3_gazebo/share/turtlebot3_gazebo//params/turtlebot3_waffle_pi_bridge.yaml\n'}
[20.311761] (turtlebot3_gazebo) StdoutLine: {'line': b'-- Installing: /home/ali-suleiman/first_slam_project/install/turtlebot3_gazebo/share/turtlebot3_gazebo//params/turtlebot3_waffle_bridge.yaml\n'}
[20.311866] (turtlebot3_gazebo) StdoutLine: {'line': b'-- Installing: /home/ali-suleiman/first_slam_project/install/turtlebot3_gazebo/share/turtlebot3_gazebo//rviz\n'}
[20.311971] (turtlebot3_gazebo) StdoutLine: {'line': b'-- Installing: /home/ali-suleiman/first_slam_project/install/turtlebot3_gazebo/share/turtlebot3_gazebo//rviz/tb3_gazebo.rviz\n'}
[20.312156] (turtlebot3_gazebo) StdoutLine: {'line': b'-- Installing: /home/ali-suleiman/first_slam_project/install/turtlebot3_gazebo/share/turtlebot3_gazebo//urdf\n'}
[20.312323] (turtlebot3_gazebo) StdoutLine: {'line': b'-- Installing: /home/ali-suleiman/first_slam_project/install/turtlebot3_gazebo/share/turtlebot3_gazebo//urdf/turtlebot3_burger_cam.urdf\n'}
[20.312430] (turtlebot3_gazebo) StdoutLine: {'line': b'-- Installing: /home/ali-suleiman/first_slam_project/install/turtlebot3_gazebo/share/turtlebot3_gazebo//urdf/turtlebot3_waffle.urdf\n'}
[20.312591] (turtlebot3_gazebo) StdoutLine: {'line': b'-- Installing: /home/ali-suleiman/first_slam_project/install/turtlebot3_gazebo/share/turtlebot3_gazebo//urdf/common_properties.urdf\n'}
[20.312771] (turtlebot3_gazebo) StdoutLine: {'line': b'-- Installing: /home/ali-suleiman/first_slam_project/install/turtlebot3_gazebo/share/turtlebot3_gazebo//urdf/turtlebot3_burger.urdf\n'}
[20.312885] (turtlebot3_gazebo) StdoutLine: {'line': b'-- Installing: /home/ali-suleiman/first_slam_project/install/turtlebot3_gazebo/share/turtlebot3_gazebo//urdf/turtlebot3_waffle_pi.urdf\n'}
[20.312989] (turtlebot3_gazebo) StdoutLine: {'line': b'-- Installing: /home/ali-suleiman/first_slam_project/install/turtlebot3_gazebo/share/turtlebot3_gazebo//worlds\n'}
[20.313096] (turtlebot3_gazebo) StdoutLine: {'line': b'-- Installing: /home/ali-suleiman/first_slam_project/install/turtlebot3_gazebo/share/turtlebot3_gazebo//worlds/turtlebot3_dqn_stage1.world\n'}
[20.313267] (turtlebot3_gazebo) StdoutLine: {'line': b'-- Installing: /home/ali-suleiman/first_slam_project/install/turtlebot3_gazebo/share/turtlebot3_gazebo//worlds/turtlebot3_dqn_stage4.world\n'}
[20.313404] (turtlebot3_gazebo) StdoutLine: {'line': b'-- Installing: /home/ali-suleiman/first_slam_project/install/turtlebot3_gazebo/share/turtlebot3_gazebo//worlds/turtlebot3_dqn_stage3.world\n'}
[20.313508] (turtlebot3_gazebo) StdoutLine: {'line': b'-- Installing: /home/ali-suleiman/first_slam_project/install/turtlebot3_gazebo/share/turtlebot3_gazebo//worlds/turtlebot3_dqn_stage2.world\n'}
[20.313670] (turtlebot3_gazebo) StdoutLine: {'line': b'-- Installing: /home/ali-suleiman/first_slam_project/install/turtlebot3_gazebo/share/turtlebot3_gazebo//worlds/turtlebot3_world.world\n'}
[20.313792] (turtlebot3_gazebo) StdoutLine: {'line': b'-- Installing: /home/ali-suleiman/first_slam_project/install/turtlebot3_gazebo/share/turtlebot3_gazebo//worlds/turtlebot3_autorace_2020.world\n'}
[20.313889] (turtlebot3_gazebo) StdoutLine: {'line': b'-- Installing: /home/ali-suleiman/first_slam_project/install/turtlebot3_gazebo/share/turtlebot3_gazebo//worlds/my_world5.world\n'}
[20.314007] (turtlebot3_gazebo) StdoutLine: {'line': b'-- Installing: /home/ali-suleiman/first_slam_project/install/turtlebot3_gazebo/share/turtlebot3_gazebo//worlds/empty_world.world\n'}
[20.314107] (turtlebot3_gazebo) StdoutLine: {'line': b'-- Installing: /home/ali-suleiman/first_slam_project/install/turtlebot3_gazebo/share/turtlebot3_gazebo//worlds/turtlebot3_house.world\n'}
[20.314236] (turtlebot3_gazebo) StdoutLine: {'line': b'-- Installing: /home/ali-suleiman/first_slam_project/install/turtlebot3_gazebo/include/\n'}
[20.314334] (turtlebot3_gazebo) StdoutLine: {'line': b'-- Installing: /home/ali-suleiman/first_slam_project/install/turtlebot3_gazebo/include//turtlebot3_gazebo\n'}
[20.314457] (turtlebot3_gazebo) StdoutLine: {'line': b'-- Installing: /home/ali-suleiman/first_slam_project/install/turtlebot3_gazebo/include//turtlebot3_gazebo/obstacle2.hpp\n'}
[20.314577] (turtlebot3_gazebo) StdoutLine: {'line': b'-- Installing: /home/ali-suleiman/first_slam_project/install/turtlebot3_gazebo/include//turtlebot3_gazebo/turtlebot3_drive.hpp\n'}
[20.314678] (turtlebot3_gazebo) StdoutLine: {'line': b'-- Installing: /home/ali-suleiman/first_slam_project/install/turtlebot3_gazebo/include//turtlebot3_gazebo/obstacle1.hpp\n'}
[20.314799] (turtlebot3_gazebo) StdoutLine: {'line': b'-- Installing: /home/ali-suleiman/first_slam_project/install/turtlebot3_gazebo/include//turtlebot3_gazebo/traffic_light_plugin.hpp\n'}
[20.314920] (turtlebot3_gazebo) StdoutLine: {'line': b'-- Installing: /home/ali-suleiman/first_slam_project/install/turtlebot3_gazebo/include//turtlebot3_gazebo/traffic_bar_plugin.hpp\n'}
[20.315025] (turtlebot3_gazebo) StdoutLine: {'line': b'-- Installing: /home/ali-suleiman/first_slam_project/install/turtlebot3_gazebo/include//turtlebot3_gazebo/obstacles.hpp\n'}
[20.315130] (turtlebot3_gazebo) StdoutLine: {'line': b'-- Installing: /home/ali-suleiman/first_slam_project/install/turtlebot3_gazebo/share/ament_index/resource_index/package_run_dependencies/turtlebot3_gazebo\n'}
[20.315276] (turtlebot3_gazebo) StdoutLine: {'line': b'-- Installing: /home/ali-suleiman/first_slam_project/install/turtlebot3_gazebo/share/ament_index/resource_index/parent_prefix_path/turtlebot3_gazebo\n'}
[20.315421] (turtlebot3_gazebo) StdoutLine: {'line': b'-- Installing: /home/ali-suleiman/first_slam_project/install/turtlebot3_gazebo/share/turtlebot3_gazebo/environment/ament_prefix_path.sh\n'}
[20.315524] (turtlebot3_gazebo) StdoutLine: {'line': b'-- Installing: /home/ali-suleiman/first_slam_project/install/turtlebot3_gazebo/share/turtlebot3_gazebo/environment/ament_prefix_path.dsv\n'}
[20.315625] (turtlebot3_gazebo) StdoutLine: {'line': b'-- Installing: /home/ali-suleiman/first_slam_project/install/turtlebot3_gazebo/share/turtlebot3_gazebo/environment/path.sh\n'}
[20.315754] (turtlebot3_gazebo) StdoutLine: {'line': b'-- Installing: /home/ali-suleiman/first_slam_project/install/turtlebot3_gazebo/share/turtlebot3_gazebo/environment/path.dsv\n'}
[20.315866] (turtlebot3_gazebo) StdoutLine: {'line': b'-- Installing: /home/ali-suleiman/first_slam_project/install/turtlebot3_gazebo/share/turtlebot3_gazebo/local_setup.bash\n'}
[20.315973] (turtlebot3_gazebo) StdoutLine: {'line': b'-- Installing: /home/ali-suleiman/first_slam_project/install/turtlebot3_gazebo/share/turtlebot3_gazebo/local_setup.sh\n'}
[20.316108] (turtlebot3_gazebo) StdoutLine: {'line': b'-- Installing: /home/ali-suleiman/first_slam_project/install/turtlebot3_gazebo/share/turtlebot3_gazebo/local_setup.zsh\n'}
[20.316239] (turtlebot3_gazebo) StdoutLine: {'line': b'-- Installing: /home/ali-suleiman/first_slam_project/install/turtlebot3_gazebo/share/turtlebot3_gazebo/local_setup.dsv\n'}
[20.316357] (turtlebot3_gazebo) StdoutLine: {'line': b'-- Installing: /home/ali-suleiman/first_slam_project/install/turtlebot3_gazebo/share/turtlebot3_gazebo/package.dsv\n'}
[20.316461] (turtlebot3_gazebo) StdoutLine: {'line': b'-- Installing: /home/ali-suleiman/first_slam_project/install/turtlebot3_gazebo/share/ament_index/resource_index/packages/turtlebot3_gazebo\n'}
[20.316581] (turtlebot3_gazebo) StdoutLine: {'line': b'-- Installing: /home/ali-suleiman/first_slam_project/install/turtlebot3_gazebo/share/turtlebot3_gazebo/cmake/ament_cmake_export_include_directories-extras.cmake\n'}
[20.316674] (turtlebot3_gazebo) StdoutLine: {'line': b'-- Installing: /home/ali-suleiman/first_slam_project/install/turtlebot3_gazebo/share/turtlebot3_gazebo/cmake/ament_cmake_export_dependencies-extras.cmake\n'}
[20.316765] (turtlebot3_gazebo) StdoutLine: {'line': b'-- Installing: /home/ali-suleiman/first_slam_project/install/turtlebot3_gazebo/share/turtlebot3_gazebo/cmake/turtlebot3_gazeboConfig.cmake\n'}
[20.316854] (turtlebot3_gazebo) StdoutLine: {'line': b'-- Installing: /home/ali-suleiman/first_slam_project/install/turtlebot3_gazebo/share/turtlebot3_gazebo/cmake/turtlebot3_gazeboConfig-version.cmake\n'}
[20.316944] (turtlebot3_gazebo) StdoutLine: {'line': b'-- Installing: /home/ali-suleiman/first_slam_project/install/turtlebot3_gazebo/share/turtlebot3_gazebo/package.xml\n'}
[20.318534] (turtlebot3_gazebo) CommandEnded: {'returncode': 0}
[20.334102] (turtlebot3_gazebo) JobEnded: {'identifier': 'turtlebot3_gazebo', 'rc': 0}
[20.335267] (turtlebot3_simulations) JobStarted: {'identifier': 'turtlebot3_simulations'}
[20.346714] (turtlebot3_simulations) JobProgress: {'identifier': 'turtlebot3_simulations', 'progress': 'cmake'}
[20.347461] (turtlebot3_simulations) Command: {'cmd': ['/usr/bin/cmake', '/home/ali-suleiman/first_slam_project/src/turtlebot3_simulations', '-DCMAKE_INSTALL_PREFIX=/home/ali-suleiman/first_slam_project/install/turtlebot3_simulations'], 'cwd': '/home/ali-suleiman/first_slam_project/build/turtlebot3_simulations', 'env': OrderedDict({'GJS_DEBUG_TOPICS': 'JS ERROR;JS LOG', 'XDG_ACTIVATION_TOKEN': 'gnome-shell/Terminator/9436-1-ali-suleiman-IdeaPad-Gaming-3-15IMH05_TIME1079827', 'LESSOPEN': '| /usr/bin/lesspipe %s', 'GZ_SIM_RESOURCE_PATH': '/opt/ros/jazzy/share:/usr/share/gz:/home/ali-suleiman/.gz/gazebo', 'USER': 'ali-suleiman', 'GZ_CONFIG_PATH': '/opt/ros/jazzy/opt/gz_sim_vendor/share/gz:/opt/ros/jazzy/opt/sdformat_vendor/share/gz:/opt/ros/jazzy/opt/gz_gui_vendor/share/gz:/opt/ros/jazzy/opt/gz_transport_vendor/share/gz:/opt/ros/jazzy/opt/gz_rendering_vendor/share/gz:/opt/ros/jazzy/opt/gz_plugin_vendor/share/gz:/opt/ros/jazzy/opt/gz_fuel_tools_vendor/share/gz:/opt/ros/jazzy/opt/gz_msgs_vendor/share/gz:/opt/ros/jazzy/opt/gz_common_vendor/share/gz', 'XDG_SESSION_TYPE': 'x11', 'CLUTTER_DISABLE_MIPMAPPED_TEXT': '1', 'SHLVL': '1', 'LD_LIBRARY_PATH': '/opt/ros/jazzy/opt/gz_sim_vendor/lib:/opt/ros/jazzy/opt/gz_sensors_vendor/lib:/opt/ros/jazzy/opt/gz_physics_vendor/lib:/opt/ros/jazzy/opt/sdformat_vendor/lib:/opt/ros/jazzy/opt/rviz_ogre_vendor/lib:/opt/ros/jazzy/lib/x86_64-linux-gnu:/opt/ros/jazzy/opt/gz_gui_vendor/lib:/opt/ros/jazzy/opt/gz_transport_vendor/lib:/opt/ros/jazzy/opt/gz_rendering_vendor/lib:/opt/ros/jazzy/opt/gz_plugin_vendor/lib:/opt/ros/jazzy/opt/gz_fuel_tools_vendor/lib:/opt/ros/jazzy/opt/gz_msgs_vendor/lib:/opt/ros/jazzy/opt/gz_common_vendor/lib:/opt/ros/jazzy/opt/gz_math_vendor/lib:/opt/ros/jazzy/opt/gz_utils_vendor/lib:/opt/ros/jazzy/opt/gz_tools_vendor/lib:/opt/ros/jazzy/opt/gz_ogre_next_vendor/lib:/opt/ros/jazzy/opt/gz_dartsim_vendor/lib:/opt/ros/jazzy/opt/gz_cmake_vendor/lib:/opt/ros/jazzy/lib:/home/ali-suleiman/.mujoco/mujoco-2.3.0/bin:/usr/lib/nvidia', 'HOME': '/home/ali-suleiman', 'OLDPWD': '/home/ali-suleiman/first_slam_project/src', 'DESKTOP_SESSION': 'ubuntu', 'GIO_LAUNCHED_DESKTOP_FILE': '/usr/share/applications/terminator.desktop', 'ROS_PYTHON_VERSION': '3', 'GNOME_SHELL_SESSION_MODE': 'ubuntu', 'GTK_MODULES': 'gail:atk-bridge', 'MANAGERPID': '7610', 'SYSTEMD_EXEC_PID': '9436', 'GSM_SKIP_SSH_AGENT_WORKAROUND': 'true', 'DBUS_SESSION_BUS_ADDRESS': 'unix:path=/run/user/1000/bus', 'COLORTERM': 'truecolor', 'TERMINATOR_DBUS_NAME': 'net.tenshu.Terminator23558193cd9818af7fe4d2c2f5bd9d00f', 'GIO_LAUNCHED_DESKTOP_FILE_PID': '108060', 'DEBUGINFOD_URLS': 'https://debuginfod.ubuntu.com', 'COLCON_PREFIX_PATH': '/home/ali-suleiman/slam_project/install', 'ROS_DISTRO': 'jazzy', 'LOGNAME': 'ali-suleiman', 'JOURNAL_STREAM': '9:34002', '_': '/usr/bin/colcon', 'ROS_VERSION': '2', 'MEMORY_PRESSURE_WATCH': '/sys/fs/cgroup/user.slice/user-1000.slice/user@1000.service/session.slice/org.gnome.Shell@x11.service/memory.pressure', 'XDG_SESSION_CLASS': 'user', 'USERNAME': 'ali-suleiman', 'TERM': 'xterm-256color', 'GAZEBO_MODEL_PATH': '/usr/share/gazebo-11/models:/home/ali-suleiman/.gazebo/models::/home/ali-suleiman/my_gazebo_world/worlds', 'GNOME_DESKTOP_SESSION_ID': 'this-is-deprecated', 'WINDOWPATH': '2', 'PATH': '/opt/ros/jazzy/opt/gz_msgs_vendor/bin:/opt/ros/jazzy/opt/gz_tools_vendor/bin:/opt/ros/jazzy/opt/gz_ogre_next_vendor/bin:/opt/ros/jazzy/bin:/usr/local/sbin:/usr/local/bin:/usr/sbin:/usr/bin:/sbin:/bin:/usr/games:/usr/local/games:/snap/bin:/snap/bin', 'SESSION_MANAGER': 'local/ali-suleiman-IdeaPad-Gaming-3-15IMH05:@/tmp/.ICE-unix/9303,unix/ali-suleiman-IdeaPad-Gaming-3-15IMH05:/tmp/.ICE-unix/9303', 'INVOCATION_ID': 'abfb634d324646159bd4931a9ceaa6be', 'GTK3_MODULES': 'xapp-gtk3-module', 'XDG_MENU_PREFIX': 'gnome-', 'MUJOCO_PATH': '/home/ali-suleiman/.mujoco/mujoco-2.3.0', 'XDG_RUNTIME_DIR': '/run/user/1000', 'DISPLAY': ':1', 'TERMINATOR_DBUS_PATH': '/net/tenshu/Terminator2', 'LANG': 'en_US.UTF-8', 'XDG_CURRENT_DESKTOP': 'ubuntu:GNOME', 'RMW_IMPLEMENTATION': 'rmw_cyclonedds_cpp', 'XMODIFIERS': '@im=ibus', 'XDG_SESSION_DESKTOP': 'ubuntu', 'XAUTHORITY': '/run/user/1000/gdm/Xauthority', 'LS_COLORS': 'rs=0:di=01;34:ln=01;36:mh=00:pi=40;33:so=01;35:do=01;35:bd=40;33;01:cd=40;33;01:or=40;31;01:mi=00:su=37;41:sg=30;43:ca=00:tw=30;42:ow=34;42:st=37;44:ex=01;32:*.tar=01;31:*.tgz=01;31:*.arc=01;31:*.arj=01;31:*.taz=01;31:*.lha=01;31:*.lz4=01;31:*.lzh=01;31:*.lzma=01;31:*.tlz=01;31:*.txz=01;31:*.tzo=01;31:*.t7z=01;31:*.zip=01;31:*.z=01;31:*.dz=01;31:*.gz=01;31:*.lrz=01;31:*.lz=01;31:*.lzo=01;31:*.xz=01;31:*.zst=01;31:*.tzst=01;31:*.bz2=01;31:*.bz=01;31:*.tbz=01;31:*.tbz2=01;31:*.tz=01;31:*.deb=01;31:*.rpm=01;31:*.jar=01;31:*.war=01;31:*.ear=01;31:*.sar=01;31:*.rar=01;31:*.alz=01;31:*.ace=01;31:*.zoo=01;31:*.cpio=01;31:*.7z=01;31:*.rz=01;31:*.cab=01;31:*.wim=01;31:*.swm=01;31:*.dwm=01;31:*.esd=01;31:*.avif=01;35:*.jpg=01;35:*.jpeg=01;35:*.mjpg=01;35:*.mjpeg=01;35:*.gif=01;35:*.bmp=01;35:*.pbm=01;35:*.pgm=01;35:*.ppm=01;35:*.tga=01;35:*.xbm=01;35:*.xpm=01;35:*.tif=01;35:*.tiff=01;35:*.png=01;35:*.svg=01;35:*.svgz=01;35:*.mng=01;35:*.pcx=01;35:*.mov=01;35:*.mpg=01;35:*.mpeg=01;35:*.m2v=01;35:*.mkv=01;35:*.webm=01;35:*.webp=01;35:*.ogm=01;35:*.mp4=01;35:*.m4v=01;35:*.mp4v=01;35:*.vob=01;35:*.qt=01;35:*.nuv=01;35:*.wmv=01;35:*.asf=01;35:*.rm=01;35:*.rmvb=01;35:*.flc=01;35:*.avi=01;35:*.fli=01;35:*.flv=01;35:*.gl=01;35:*.dl=01;35:*.xcf=01;35:*.xwd=01;35:*.yuv=01;35:*.cgm=01;35:*.emf=01;35:*.ogv=01;35:*.ogx=01;35:*.aac=00;36:*.au=00;36:*.flac=00;36:*.m4a=00;36:*.mid=00;36:*.midi=00;36:*.mka=00;36:*.mp3=00;36:*.mpc=00;36:*.ogg=00;36:*.ra=00;36:*.wav=00;36:*.oga=00;36:*.opus=00;36:*.spx=00;36:*.xspf=00;36:*~=00;90:*#=00;90:*.bak=00;90:*.crdownload=00;90:*.dpkg-dist=00;90:*.dpkg-new=00;90:*.dpkg-old=00;90:*.dpkg-tmp=00;90:*.old=00;90:*.orig=00;90:*.part=00;90:*.rej=00;90:*.rpmnew=00;90:*.rpmorig=00;90:*.rpmsave=00;90:*.swp=00;90:*.tmp=00;90:*.ucf-dist=00;90:*.ucf-new=00;90:*.ucf-old=00;90:', 'SSH_AUTH_SOCK': '/run/user/1000/keyring/ssh', 'AMENT_PREFIX_PATH': '/home/ali-suleiman/first_slam_project/install/turtlebot3_gazebo:/home/ali-suleiman/first_slam_project/install/turtlebot3_fake_node:/home/ali-suleiman/slam_project/install/turtlebot3_simulations:/home/ali-suleiman/slam_project/install/turtlebot3_gazebo:/home/ali-suleiman/slam_project/install/turtlebot3_fake_node:/opt/ros/jazzy', 'SHELL': '/bin/bash', 'TERMINATOR_UUID': 'urn:uuid:8a2fa994-5d15-4f53-9572-8bb63e069108', 'QT_ACCESSIBILITY': '1', 'GDMSESSION': 'ubuntu', 'LESSCLOSE': '/usr/bin/lesspipe %s %s', 'GPG_AGENT_INFO': '/run/user/1000/gnupg/S.gpg-agent:0:1', 'GJS_DEBUG_OUTPUT': 'stderr', 'ROS_AUTOMATIC_DISCOVERY_RANGE': 'SUBNET', 'QT_IM_MODULE': 'ibus', 'PWD': '/home/ali-suleiman/first_slam_project/build/turtlebot3_simulations', 'TURTLEBOT3_MODEL': 'waffle', 'LC_ALL': 'en_US.UTF-8', 'XDG_CONFIG_DIRS': '/etc/xdg/xdg-ubuntu:/etc/xdg', 'XDG_DATA_DIRS': '/usr/share/ubuntu:/usr/share/gnome:/usr/local/share/:/usr/share/:/var/lib/snapd/desktop', 'PYTHONPATH': '/opt/ros/jazzy/lib/python3.12/site-packages', 'COLCON': '1', 'MEMORY_PRESSURE_WRITE': 'c29tZSAyMDAwMDAgMjAwMDAwMAA=', 'VTE_VERSION': '7600', 'CMAKE_PREFIX_PATH': '/home/ali-suleiman/first_slam_project/install/turtlebot3_gazebo:/home/ali-suleiman/first_slam_project/install/turtlebot3_fake_node:/home/ali-suleiman/slam_project/install/turtlebot3_simulations:/home/ali-suleiman/slam_project/install/turtlebot3_gazebo:/home/ali-suleiman/slam_project/install/turtlebot3_fake_node:/opt/ros/jazzy/opt/gz_sim_vendor:/opt/ros/jazzy/opt/gz_sensors_vendor:/opt/ros/jazzy/opt/gz_physics_vendor:/opt/ros/jazzy/opt/sdformat_vendor:/opt/ros/jazzy/opt/gz_gui_vendor:/opt/ros/jazzy/opt/gz_transport_vendor:/opt/ros/jazzy/opt/gz_rendering_vendor:/opt/ros/jazzy/opt/gz_plugin_vendor:/opt/ros/jazzy/opt/gz_fuel_tools_vendor:/opt/ros/jazzy/opt/gz_msgs_vendor:/opt/ros/jazzy/opt/gz_common_vendor:/opt/ros/jazzy/opt/gz_math_vendor:/opt/ros/jazzy/opt/gz_utils_vendor:/opt/ros/jazzy/opt/gz_tools_vendor:/opt/ros/jazzy/opt/gz_ogre_next_vendor:/opt/ros/jazzy/opt/gz_dartsim_vendor:/opt/ros/jazzy/opt/gz_cmake_vendor:/opt/ros/jazzy'}), 'shell': False}
[20.354794] (-) TimerEvent: {}
[20.422598] (turtlebot3_simulations) StdoutLine: {'line': b'-- The C compiler identification is GNU 13.3.0\n'}
[20.454929] (-) TimerEvent: {}
[20.496154] (turtlebot3_simulations) StdoutLine: {'line': b'-- The CXX compiler identification is GNU 13.3.0\n'}
[20.516304] (turtlebot3_simulations) StdoutLine: {'line': b'-- Detecting C compiler ABI info\n'}
[20.555027] (-) TimerEvent: {}
[20.631661] (turtlebot3_simulations) StdoutLine: {'line': b'-- Detecting C compiler ABI info - done\n'}
[20.644990] (turtlebot3_simulations) StdoutLine: {'line': b'-- Check for working C compiler: /usr/bin/cc - skipped\n'}
[20.645408] (turtlebot3_simulations) StdoutLine: {'line': b'-- Detecting C compile features\n'}
[20.646097] (turtlebot3_simulations) StdoutLine: {'line': b'-- Detecting C compile features - done\n'}
[20.655156] (-) TimerEvent: {}
[20.657390] (turtlebot3_simulations) StdoutLine: {'line': b'-- Detecting CXX compiler ABI info\n'}
[20.755216] (-) TimerEvent: {}
[20.786800] (turtlebot3_simulations) StdoutLine: {'line': b'-- Detecting CXX compiler ABI info - done\n'}
[20.803269] (turtlebot3_simulations) StdoutLine: {'line': b'-- Check for working CXX compiler: /usr/bin/c++ - skipped\n'}
[20.803620] (turtlebot3_simulations) StdoutLine: {'line': b'-- Detecting CXX compile features\n'}
[20.804296] (turtlebot3_simulations) StdoutLine: {'line': b'-- Detecting CXX compile features - done\n'}
[20.810790] (turtlebot3_simulations) StdoutLine: {'line': b'-- Found ament_cmake: 2.5.4 (/opt/ros/jazzy/share/ament_cmake/cmake)\n'}
[20.855333] (-) TimerEvent: {}
[20.955581] (-) TimerEvent: {}
[21.035047] (turtlebot3_simulations) StdoutLine: {'line': b'-- Found Python3: /usr/bin/python3 (found version "3.12.3") found components: Interpreter \n'}
[21.055671] (-) TimerEvent: {}
[21.155912] (-) TimerEvent: {}
[21.256198] (-) TimerEvent: {}
[21.331433] (turtlebot3_simulations) StdoutLine: {'line': b'-- Configuring done (1.0s)\n'}
[21.334905] (turtlebot3_simulations) StdoutLine: {'line': b'-- Generating done (0.0s)\n'}
[21.337090] (turtlebot3_simulations) StdoutLine: {'line': b'-- Build files have been written to: /home/ali-suleiman/first_slam_project/build/turtlebot3_simulations\n'}
[21.342972] (turtlebot3_simulations) CommandEnded: {'returncode': 0}
[21.343607] (turtlebot3_simulations) JobProgress: {'identifier': 'turtlebot3_simulations', 'progress': 'build'}
[21.344038] (turtlebot3_simulations) Command: {'cmd': ['/usr/bin/cmake', '--build', '/home/ali-suleiman/first_slam_project/build/turtlebot3_simulations', '--', '-j12', '-l12'], 'cwd': '/home/ali-suleiman/first_slam_project/build/turtlebot3_simulations', 'env': OrderedDict({'GJS_DEBUG_TOPICS': 'JS ERROR;JS LOG', 'XDG_ACTIVATION_TOKEN': 'gnome-shell/Terminator/9436-1-ali-suleiman-IdeaPad-Gaming-3-15IMH05_TIME1079827', 'LESSOPEN': '| /usr/bin/lesspipe %s', 'GZ_SIM_RESOURCE_PATH': '/opt/ros/jazzy/share:/usr/share/gz:/home/ali-suleiman/.gz/gazebo', 'USER': 'ali-suleiman', 'GZ_CONFIG_PATH': '/opt/ros/jazzy/opt/gz_sim_vendor/share/gz:/opt/ros/jazzy/opt/sdformat_vendor/share/gz:/opt/ros/jazzy/opt/gz_gui_vendor/share/gz:/opt/ros/jazzy/opt/gz_transport_vendor/share/gz:/opt/ros/jazzy/opt/gz_rendering_vendor/share/gz:/opt/ros/jazzy/opt/gz_plugin_vendor/share/gz:/opt/ros/jazzy/opt/gz_fuel_tools_vendor/share/gz:/opt/ros/jazzy/opt/gz_msgs_vendor/share/gz:/opt/ros/jazzy/opt/gz_common_vendor/share/gz', 'XDG_SESSION_TYPE': 'x11', 'CLUTTER_DISABLE_MIPMAPPED_TEXT': '1', 'SHLVL': '1', 'LD_LIBRARY_PATH': '/opt/ros/jazzy/opt/gz_sim_vendor/lib:/opt/ros/jazzy/opt/gz_sensors_vendor/lib:/opt/ros/jazzy/opt/gz_physics_vendor/lib:/opt/ros/jazzy/opt/sdformat_vendor/lib:/opt/ros/jazzy/opt/rviz_ogre_vendor/lib:/opt/ros/jazzy/lib/x86_64-linux-gnu:/opt/ros/jazzy/opt/gz_gui_vendor/lib:/opt/ros/jazzy/opt/gz_transport_vendor/lib:/opt/ros/jazzy/opt/gz_rendering_vendor/lib:/opt/ros/jazzy/opt/gz_plugin_vendor/lib:/opt/ros/jazzy/opt/gz_fuel_tools_vendor/lib:/opt/ros/jazzy/opt/gz_msgs_vendor/lib:/opt/ros/jazzy/opt/gz_common_vendor/lib:/opt/ros/jazzy/opt/gz_math_vendor/lib:/opt/ros/jazzy/opt/gz_utils_vendor/lib:/opt/ros/jazzy/opt/gz_tools_vendor/lib:/opt/ros/jazzy/opt/gz_ogre_next_vendor/lib:/opt/ros/jazzy/opt/gz_dartsim_vendor/lib:/opt/ros/jazzy/opt/gz_cmake_vendor/lib:/opt/ros/jazzy/lib:/home/ali-suleiman/.mujoco/mujoco-2.3.0/bin:/usr/lib/nvidia', 'HOME': '/home/ali-suleiman', 'OLDPWD': '/home/ali-suleiman/first_slam_project/src', 'DESKTOP_SESSION': 'ubuntu', 'GIO_LAUNCHED_DESKTOP_FILE': '/usr/share/applications/terminator.desktop', 'ROS_PYTHON_VERSION': '3', 'GNOME_SHELL_SESSION_MODE': 'ubuntu', 'GTK_MODULES': 'gail:atk-bridge', 'MANAGERPID': '7610', 'SYSTEMD_EXEC_PID': '9436', 'GSM_SKIP_SSH_AGENT_WORKAROUND': 'true', 'DBUS_SESSION_BUS_ADDRESS': 'unix:path=/run/user/1000/bus', 'COLORTERM': 'truecolor', 'TERMINATOR_DBUS_NAME': 'net.tenshu.Terminator23558193cd9818af7fe4d2c2f5bd9d00f', 'GIO_LAUNCHED_DESKTOP_FILE_PID': '108060', 'DEBUGINFOD_URLS': 'https://debuginfod.ubuntu.com', 'COLCON_PREFIX_PATH': '/home/ali-suleiman/slam_project/install', 'ROS_DISTRO': 'jazzy', 'LOGNAME': 'ali-suleiman', 'JOURNAL_STREAM': '9:34002', '_': '/usr/bin/colcon', 'ROS_VERSION': '2', 'MEMORY_PRESSURE_WATCH': '/sys/fs/cgroup/user.slice/user-1000.slice/user@1000.service/session.slice/org.gnome.Shell@x11.service/memory.pressure', 'XDG_SESSION_CLASS': 'user', 'USERNAME': 'ali-suleiman', 'TERM': 'xterm-256color', 'GAZEBO_MODEL_PATH': '/usr/share/gazebo-11/models:/home/ali-suleiman/.gazebo/models::/home/ali-suleiman/my_gazebo_world/worlds', 'GNOME_DESKTOP_SESSION_ID': 'this-is-deprecated', 'WINDOWPATH': '2', 'PATH': '/opt/ros/jazzy/opt/gz_msgs_vendor/bin:/opt/ros/jazzy/opt/gz_tools_vendor/bin:/opt/ros/jazzy/opt/gz_ogre_next_vendor/bin:/opt/ros/jazzy/bin:/usr/local/sbin:/usr/local/bin:/usr/sbin:/usr/bin:/sbin:/bin:/usr/games:/usr/local/games:/snap/bin:/snap/bin', 'SESSION_MANAGER': 'local/ali-suleiman-IdeaPad-Gaming-3-15IMH05:@/tmp/.ICE-unix/9303,unix/ali-suleiman-IdeaPad-Gaming-3-15IMH05:/tmp/.ICE-unix/9303', 'INVOCATION_ID': 'abfb634d324646159bd4931a9ceaa6be', 'GTK3_MODULES': 'xapp-gtk3-module', 'XDG_MENU_PREFIX': 'gnome-', 'MUJOCO_PATH': '/home/ali-suleiman/.mujoco/mujoco-2.3.0', 'XDG_RUNTIME_DIR': '/run/user/1000', 'DISPLAY': ':1', 'TERMINATOR_DBUS_PATH': '/net/tenshu/Terminator2', 'LANG': 'en_US.UTF-8', 'XDG_CURRENT_DESKTOP': 'ubuntu:GNOME', 'RMW_IMPLEMENTATION': 'rmw_cyclonedds_cpp', 'XMODIFIERS': '@im=ibus', 'XDG_SESSION_DESKTOP': 'ubuntu', 'XAUTHORITY': '/run/user/1000/gdm/Xauthority', 'LS_COLORS': 'rs=0:di=01;34:ln=01;36:mh=00:pi=40;33:so=01;35:do=01;35:bd=40;33;01:cd=40;33;01:or=40;31;01:mi=00:su=37;41:sg=30;43:ca=00:tw=30;42:ow=34;42:st=37;44:ex=01;32:*.tar=01;31:*.tgz=01;31:*.arc=01;31:*.arj=01;31:*.taz=01;31:*.lha=01;31:*.lz4=01;31:*.lzh=01;31:*.lzma=01;31:*.tlz=01;31:*.txz=01;31:*.tzo=01;31:*.t7z=01;31:*.zip=01;31:*.z=01;31:*.dz=01;31:*.gz=01;31:*.lrz=01;31:*.lz=01;31:*.lzo=01;31:*.xz=01;31:*.zst=01;31:*.tzst=01;31:*.bz2=01;31:*.bz=01;31:*.tbz=01;31:*.tbz2=01;31:*.tz=01;31:*.deb=01;31:*.rpm=01;31:*.jar=01;31:*.war=01;31:*.ear=01;31:*.sar=01;31:*.rar=01;31:*.alz=01;31:*.ace=01;31:*.zoo=01;31:*.cpio=01;31:*.7z=01;31:*.rz=01;31:*.cab=01;31:*.wim=01;31:*.swm=01;31:*.dwm=01;31:*.esd=01;31:*.avif=01;35:*.jpg=01;35:*.jpeg=01;35:*.mjpg=01;35:*.mjpeg=01;35:*.gif=01;35:*.bmp=01;35:*.pbm=01;35:*.pgm=01;35:*.ppm=01;35:*.tga=01;35:*.xbm=01;35:*.xpm=01;35:*.tif=01;35:*.tiff=01;35:*.png=01;35:*.svg=01;35:*.svgz=01;35:*.mng=01;35:*.pcx=01;35:*.mov=01;35:*.mpg=01;35:*.mpeg=01;35:*.m2v=01;35:*.mkv=01;35:*.webm=01;35:*.webp=01;35:*.ogm=01;35:*.mp4=01;35:*.m4v=01;35:*.mp4v=01;35:*.vob=01;35:*.qt=01;35:*.nuv=01;35:*.wmv=01;35:*.asf=01;35:*.rm=01;35:*.rmvb=01;35:*.flc=01;35:*.avi=01;35:*.fli=01;35:*.flv=01;35:*.gl=01;35:*.dl=01;35:*.xcf=01;35:*.xwd=01;35:*.yuv=01;35:*.cgm=01;35:*.emf=01;35:*.ogv=01;35:*.ogx=01;35:*.aac=00;36:*.au=00;36:*.flac=00;36:*.m4a=00;36:*.mid=00;36:*.midi=00;36:*.mka=00;36:*.mp3=00;36:*.mpc=00;36:*.ogg=00;36:*.ra=00;36:*.wav=00;36:*.oga=00;36:*.opus=00;36:*.spx=00;36:*.xspf=00;36:*~=00;90:*#=00;90:*.bak=00;90:*.crdownload=00;90:*.dpkg-dist=00;90:*.dpkg-new=00;90:*.dpkg-old=00;90:*.dpkg-tmp=00;90:*.old=00;90:*.orig=00;90:*.part=00;90:*.rej=00;90:*.rpmnew=00;90:*.rpmorig=00;90:*.rpmsave=00;90:*.swp=00;90:*.tmp=00;90:*.ucf-dist=00;90:*.ucf-new=00;90:*.ucf-old=00;90:', 'SSH_AUTH_SOCK': '/run/user/1000/keyring/ssh', 'AMENT_PREFIX_PATH': '/home/ali-suleiman/first_slam_project/install/turtlebot3_gazebo:/home/ali-suleiman/first_slam_project/install/turtlebot3_fake_node:/home/ali-suleiman/slam_project/install/turtlebot3_simulations:/home/ali-suleiman/slam_project/install/turtlebot3_gazebo:/home/ali-suleiman/slam_project/install/turtlebot3_fake_node:/opt/ros/jazzy', 'SHELL': '/bin/bash', 'TERMINATOR_UUID': 'urn:uuid:8a2fa994-5d15-4f53-9572-8bb63e069108', 'QT_ACCESSIBILITY': '1', 'GDMSESSION': 'ubuntu', 'LESSCLOSE': '/usr/bin/lesspipe %s %s', 'GPG_AGENT_INFO': '/run/user/1000/gnupg/S.gpg-agent:0:1', 'GJS_DEBUG_OUTPUT': 'stderr', 'ROS_AUTOMATIC_DISCOVERY_RANGE': 'SUBNET', 'QT_IM_MODULE': 'ibus', 'PWD': '/home/ali-suleiman/first_slam_project/build/turtlebot3_simulations', 'TURTLEBOT3_MODEL': 'waffle', 'LC_ALL': 'en_US.UTF-8', 'XDG_CONFIG_DIRS': '/etc/xdg/xdg-ubuntu:/etc/xdg', 'XDG_DATA_DIRS': '/usr/share/ubuntu:/usr/share/gnome:/usr/local/share/:/usr/share/:/var/lib/snapd/desktop', 'PYTHONPATH': '/opt/ros/jazzy/lib/python3.12/site-packages', 'COLCON': '1', 'MEMORY_PRESSURE_WRITE': 'c29tZSAyMDAwMDAgMjAwMDAwMAA=', 'VTE_VERSION': '7600', 'CMAKE_PREFIX_PATH': '/home/ali-suleiman/first_slam_project/install/turtlebot3_gazebo:/home/ali-suleiman/first_slam_project/install/turtlebot3_fake_node:/home/ali-suleiman/slam_project/install/turtlebot3_simulations:/home/ali-suleiman/slam_project/install/turtlebot3_gazebo:/home/ali-suleiman/slam_project/install/turtlebot3_fake_node:/opt/ros/jazzy/opt/gz_sim_vendor:/opt/ros/jazzy/opt/gz_sensors_vendor:/opt/ros/jazzy/opt/gz_physics_vendor:/opt/ros/jazzy/opt/sdformat_vendor:/opt/ros/jazzy/opt/gz_gui_vendor:/opt/ros/jazzy/opt/gz_transport_vendor:/opt/ros/jazzy/opt/gz_rendering_vendor:/opt/ros/jazzy/opt/gz_plugin_vendor:/opt/ros/jazzy/opt/gz_fuel_tools_vendor:/opt/ros/jazzy/opt/gz_msgs_vendor:/opt/ros/jazzy/opt/gz_common_vendor:/opt/ros/jazzy/opt/gz_math_vendor:/opt/ros/jazzy/opt/gz_utils_vendor:/opt/ros/jazzy/opt/gz_tools_vendor:/opt/ros/jazzy/opt/gz_ogre_next_vendor:/opt/ros/jazzy/opt/gz_dartsim_vendor:/opt/ros/jazzy/opt/gz_cmake_vendor:/opt/ros/jazzy'}), 'shell': False}
[21.356297] (-) TimerEvent: {}
[21.398280] (turtlebot3_simulations) CommandEnded: {'returncode': 0}
[21.399092] (turtlebot3_simulations) JobProgress: {'identifier': 'turtlebot3_simulations', 'progress': 'install'}
[21.399370] (turtlebot3_simulations) Command: {'cmd': ['/usr/bin/cmake', '--install', '/home/ali-suleiman/first_slam_project/build/turtlebot3_simulations'], 'cwd': '/home/ali-suleiman/first_slam_project/build/turtlebot3_simulations', 'env': OrderedDict({'GJS_DEBUG_TOPICS': 'JS ERROR;JS LOG', 'XDG_ACTIVATION_TOKEN': 'gnome-shell/Terminator/9436-1-ali-suleiman-IdeaPad-Gaming-3-15IMH05_TIME1079827', 'LESSOPEN': '| /usr/bin/lesspipe %s', 'GZ_SIM_RESOURCE_PATH': '/opt/ros/jazzy/share:/usr/share/gz:/home/ali-suleiman/.gz/gazebo', 'USER': 'ali-suleiman', 'GZ_CONFIG_PATH': '/opt/ros/jazzy/opt/gz_sim_vendor/share/gz:/opt/ros/jazzy/opt/sdformat_vendor/share/gz:/opt/ros/jazzy/opt/gz_gui_vendor/share/gz:/opt/ros/jazzy/opt/gz_transport_vendor/share/gz:/opt/ros/jazzy/opt/gz_rendering_vendor/share/gz:/opt/ros/jazzy/opt/gz_plugin_vendor/share/gz:/opt/ros/jazzy/opt/gz_fuel_tools_vendor/share/gz:/opt/ros/jazzy/opt/gz_msgs_vendor/share/gz:/opt/ros/jazzy/opt/gz_common_vendor/share/gz', 'XDG_SESSION_TYPE': 'x11', 'CLUTTER_DISABLE_MIPMAPPED_TEXT': '1', 'SHLVL': '1', 'LD_LIBRARY_PATH': '/opt/ros/jazzy/opt/gz_sim_vendor/lib:/opt/ros/jazzy/opt/gz_sensors_vendor/lib:/opt/ros/jazzy/opt/gz_physics_vendor/lib:/opt/ros/jazzy/opt/sdformat_vendor/lib:/opt/ros/jazzy/opt/rviz_ogre_vendor/lib:/opt/ros/jazzy/lib/x86_64-linux-gnu:/opt/ros/jazzy/opt/gz_gui_vendor/lib:/opt/ros/jazzy/opt/gz_transport_vendor/lib:/opt/ros/jazzy/opt/gz_rendering_vendor/lib:/opt/ros/jazzy/opt/gz_plugin_vendor/lib:/opt/ros/jazzy/opt/gz_fuel_tools_vendor/lib:/opt/ros/jazzy/opt/gz_msgs_vendor/lib:/opt/ros/jazzy/opt/gz_common_vendor/lib:/opt/ros/jazzy/opt/gz_math_vendor/lib:/opt/ros/jazzy/opt/gz_utils_vendor/lib:/opt/ros/jazzy/opt/gz_tools_vendor/lib:/opt/ros/jazzy/opt/gz_ogre_next_vendor/lib:/opt/ros/jazzy/opt/gz_dartsim_vendor/lib:/opt/ros/jazzy/opt/gz_cmake_vendor/lib:/opt/ros/jazzy/lib:/home/ali-suleiman/.mujoco/mujoco-2.3.0/bin:/usr/lib/nvidia', 'HOME': '/home/ali-suleiman', 'OLDPWD': '/home/ali-suleiman/first_slam_project/src', 'DESKTOP_SESSION': 'ubuntu', 'GIO_LAUNCHED_DESKTOP_FILE': '/usr/share/applications/terminator.desktop', 'ROS_PYTHON_VERSION': '3', 'GNOME_SHELL_SESSION_MODE': 'ubuntu', 'GTK_MODULES': 'gail:atk-bridge', 'MANAGERPID': '7610', 'SYSTEMD_EXEC_PID': '9436', 'GSM_SKIP_SSH_AGENT_WORKAROUND': 'true', 'DBUS_SESSION_BUS_ADDRESS': 'unix:path=/run/user/1000/bus', 'COLORTERM': 'truecolor', 'TERMINATOR_DBUS_NAME': 'net.tenshu.Terminator23558193cd9818af7fe4d2c2f5bd9d00f', 'GIO_LAUNCHED_DESKTOP_FILE_PID': '108060', 'DEBUGINFOD_URLS': 'https://debuginfod.ubuntu.com', 'COLCON_PREFIX_PATH': '/home/ali-suleiman/slam_project/install', 'ROS_DISTRO': 'jazzy', 'LOGNAME': 'ali-suleiman', 'JOURNAL_STREAM': '9:34002', '_': '/usr/bin/colcon', 'ROS_VERSION': '2', 'MEMORY_PRESSURE_WATCH': '/sys/fs/cgroup/user.slice/user-1000.slice/user@1000.service/session.slice/org.gnome.Shell@x11.service/memory.pressure', 'XDG_SESSION_CLASS': 'user', 'USERNAME': 'ali-suleiman', 'TERM': 'xterm-256color', 'GAZEBO_MODEL_PATH': '/usr/share/gazebo-11/models:/home/ali-suleiman/.gazebo/models::/home/ali-suleiman/my_gazebo_world/worlds', 'GNOME_DESKTOP_SESSION_ID': 'this-is-deprecated', 'WINDOWPATH': '2', 'PATH': '/opt/ros/jazzy/opt/gz_msgs_vendor/bin:/opt/ros/jazzy/opt/gz_tools_vendor/bin:/opt/ros/jazzy/opt/gz_ogre_next_vendor/bin:/opt/ros/jazzy/bin:/usr/local/sbin:/usr/local/bin:/usr/sbin:/usr/bin:/sbin:/bin:/usr/games:/usr/local/games:/snap/bin:/snap/bin', 'SESSION_MANAGER': 'local/ali-suleiman-IdeaPad-Gaming-3-15IMH05:@/tmp/.ICE-unix/9303,unix/ali-suleiman-IdeaPad-Gaming-3-15IMH05:/tmp/.ICE-unix/9303', 'INVOCATION_ID': 'abfb634d324646159bd4931a9ceaa6be', 'GTK3_MODULES': 'xapp-gtk3-module', 'XDG_MENU_PREFIX': 'gnome-', 'MUJOCO_PATH': '/home/ali-suleiman/.mujoco/mujoco-2.3.0', 'XDG_RUNTIME_DIR': '/run/user/1000', 'DISPLAY': ':1', 'TERMINATOR_DBUS_PATH': '/net/tenshu/Terminator2', 'LANG': 'en_US.UTF-8', 'XDG_CURRENT_DESKTOP': 'ubuntu:GNOME', 'RMW_IMPLEMENTATION': 'rmw_cyclonedds_cpp', 'XMODIFIERS': '@im=ibus', 'XDG_SESSION_DESKTOP': 'ubuntu', 'XAUTHORITY': '/run/user/1000/gdm/Xauthority', 'LS_COLORS': 'rs=0:di=01;34:ln=01;36:mh=00:pi=40;33:so=01;35:do=01;35:bd=40;33;01:cd=40;33;01:or=40;31;01:mi=00:su=37;41:sg=30;43:ca=00:tw=30;42:ow=34;42:st=37;44:ex=01;32:*.tar=01;31:*.tgz=01;31:*.arc=01;31:*.arj=01;31:*.taz=01;31:*.lha=01;31:*.lz4=01;31:*.lzh=01;31:*.lzma=01;31:*.tlz=01;31:*.txz=01;31:*.tzo=01;31:*.t7z=01;31:*.zip=01;31:*.z=01;31:*.dz=01;31:*.gz=01;31:*.lrz=01;31:*.lz=01;31:*.lzo=01;31:*.xz=01;31:*.zst=01;31:*.tzst=01;31:*.bz2=01;31:*.bz=01;31:*.tbz=01;31:*.tbz2=01;31:*.tz=01;31:*.deb=01;31:*.rpm=01;31:*.jar=01;31:*.war=01;31:*.ear=01;31:*.sar=01;31:*.rar=01;31:*.alz=01;31:*.ace=01;31:*.zoo=01;31:*.cpio=01;31:*.7z=01;31:*.rz=01;31:*.cab=01;31:*.wim=01;31:*.swm=01;31:*.dwm=01;31:*.esd=01;31:*.avif=01;35:*.jpg=01;35:*.jpeg=01;35:*.mjpg=01;35:*.mjpeg=01;35:*.gif=01;35:*.bmp=01;35:*.pbm=01;35:*.pgm=01;35:*.ppm=01;35:*.tga=01;35:*.xbm=01;35:*.xpm=01;35:*.tif=01;35:*.tiff=01;35:*.png=01;35:*.svg=01;35:*.svgz=01;35:*.mng=01;35:*.pcx=01;35:*.mov=01;35:*.mpg=01;35:*.mpeg=01;35:*.m2v=01;35:*.mkv=01;35:*.webm=01;35:*.webp=01;35:*.ogm=01;35:*.mp4=01;35:*.m4v=01;35:*.mp4v=01;35:*.vob=01;35:*.qt=01;35:*.nuv=01;35:*.wmv=01;35:*.asf=01;35:*.rm=01;35:*.rmvb=01;35:*.flc=01;35:*.avi=01;35:*.fli=01;35:*.flv=01;35:*.gl=01;35:*.dl=01;35:*.xcf=01;35:*.xwd=01;35:*.yuv=01;35:*.cgm=01;35:*.emf=01;35:*.ogv=01;35:*.ogx=01;35:*.aac=00;36:*.au=00;36:*.flac=00;36:*.m4a=00;36:*.mid=00;36:*.midi=00;36:*.mka=00;36:*.mp3=00;36:*.mpc=00;36:*.ogg=00;36:*.ra=00;36:*.wav=00;36:*.oga=00;36:*.opus=00;36:*.spx=00;36:*.xspf=00;36:*~=00;90:*#=00;90:*.bak=00;90:*.crdownload=00;90:*.dpkg-dist=00;90:*.dpkg-new=00;90:*.dpkg-old=00;90:*.dpkg-tmp=00;90:*.old=00;90:*.orig=00;90:*.part=00;90:*.rej=00;90:*.rpmnew=00;90:*.rpmorig=00;90:*.rpmsave=00;90:*.swp=00;90:*.tmp=00;90:*.ucf-dist=00;90:*.ucf-new=00;90:*.ucf-old=00;90:', 'SSH_AUTH_SOCK': '/run/user/1000/keyring/ssh', 'AMENT_PREFIX_PATH': '/home/ali-suleiman/first_slam_project/install/turtlebot3_gazebo:/home/ali-suleiman/first_slam_project/install/turtlebot3_fake_node:/home/ali-suleiman/slam_project/install/turtlebot3_simulations:/home/ali-suleiman/slam_project/install/turtlebot3_gazebo:/home/ali-suleiman/slam_project/install/turtlebot3_fake_node:/opt/ros/jazzy', 'SHELL': '/bin/bash', 'TERMINATOR_UUID': 'urn:uuid:8a2fa994-5d15-4f53-9572-8bb63e069108', 'QT_ACCESSIBILITY': '1', 'GDMSESSION': 'ubuntu', 'LESSCLOSE': '/usr/bin/lesspipe %s %s', 'GPG_AGENT_INFO': '/run/user/1000/gnupg/S.gpg-agent:0:1', 'GJS_DEBUG_OUTPUT': 'stderr', 'ROS_AUTOMATIC_DISCOVERY_RANGE': 'SUBNET', 'QT_IM_MODULE': 'ibus', 'PWD': '/home/ali-suleiman/first_slam_project/build/turtlebot3_simulations', 'TURTLEBOT3_MODEL': 'waffle', 'LC_ALL': 'en_US.UTF-8', 'XDG_CONFIG_DIRS': '/etc/xdg/xdg-ubuntu:/etc/xdg', 'XDG_DATA_DIRS': '/usr/share/ubuntu:/usr/share/gnome:/usr/local/share/:/usr/share/:/var/lib/snapd/desktop', 'PYTHONPATH': '/opt/ros/jazzy/lib/python3.12/site-packages', 'COLCON': '1', 'MEMORY_PRESSURE_WRITE': 'c29tZSAyMDAwMDAgMjAwMDAwMAA=', 'VTE_VERSION': '7600', 'CMAKE_PREFIX_PATH': '/home/ali-suleiman/first_slam_project/install/turtlebot3_gazebo:/home/ali-suleiman/first_slam_project/install/turtlebot3_fake_node:/home/ali-suleiman/slam_project/install/turtlebot3_simulations:/home/ali-suleiman/slam_project/install/turtlebot3_gazebo:/home/ali-suleiman/slam_project/install/turtlebot3_fake_node:/opt/ros/jazzy/opt/gz_sim_vendor:/opt/ros/jazzy/opt/gz_sensors_vendor:/opt/ros/jazzy/opt/gz_physics_vendor:/opt/ros/jazzy/opt/sdformat_vendor:/opt/ros/jazzy/opt/gz_gui_vendor:/opt/ros/jazzy/opt/gz_transport_vendor:/opt/ros/jazzy/opt/gz_rendering_vendor:/opt/ros/jazzy/opt/gz_plugin_vendor:/opt/ros/jazzy/opt/gz_fuel_tools_vendor:/opt/ros/jazzy/opt/gz_msgs_vendor:/opt/ros/jazzy/opt/gz_common_vendor:/opt/ros/jazzy/opt/gz_math_vendor:/opt/ros/jazzy/opt/gz_utils_vendor:/opt/ros/jazzy/opt/gz_tools_vendor:/opt/ros/jazzy/opt/gz_ogre_next_vendor:/opt/ros/jazzy/opt/gz_dartsim_vendor:/opt/ros/jazzy/opt/gz_cmake_vendor:/opt/ros/jazzy'}), 'shell': False}
[21.410544] (turtlebot3_simulations) StdoutLine: {'line': b'-- Install configuration: ""\n'}
[21.410778] (turtlebot3_simulations) StdoutLine: {'line': b'-- Installing: /home/ali-suleiman/first_slam_project/install/turtlebot3_simulations/share/ament_index/resource_index/package_run_dependencies/turtlebot3_simulations\n'}
[21.410999] (turtlebot3_simulations) StdoutLine: {'line': b'-- Installing: /home/ali-suleiman/first_slam_project/install/turtlebot3_simulations/share/ament_index/resource_index/parent_prefix_path/turtlebot3_simulations\n'}
[21.411208] (turtlebot3_simulations) StdoutLine: {'line': b'-- Installing: /home/ali-suleiman/first_slam_project/install/turtlebot3_simulations/share/turtlebot3_simulations/environment/ament_prefix_path.sh\n'}
[21.411347] (turtlebot3_simulations) StdoutLine: {'line': b'-- Installing: /home/ali-suleiman/first_slam_project/install/turtlebot3_simulations/share/turtlebot3_simulations/environment/ament_prefix_path.dsv\n'}
[21.411488] (turtlebot3_simulations) StdoutLine: {'line': b'-- Installing: /home/ali-suleiman/first_slam_project/install/turtlebot3_simulations/share/turtlebot3_simulations/environment/path.sh\n'}
[21.411635] (turtlebot3_simulations) StdoutLine: {'line': b'-- Installing: /home/ali-suleiman/first_slam_project/install/turtlebot3_simulations/share/turtlebot3_simulations/environment/path.dsv\n'}
[21.411777] (turtlebot3_simulations) StdoutLine: {'line': b'-- Installing: /home/ali-suleiman/first_slam_project/install/turtlebot3_simulations/share/turtlebot3_simulations/local_setup.bash\n'}
[21.411911] (turtlebot3_simulations) StdoutLine: {'line': b'-- Installing: /home/ali-suleiman/first_slam_project/install/turtlebot3_simulations/share/turtlebot3_simulations/local_setup.sh\n'}
[21.412056] (turtlebot3_simulations) StdoutLine: {'line': b'-- Installing: /home/ali-suleiman/first_slam_project/install/turtlebot3_simulations/share/turtlebot3_simulations/local_setup.zsh\n'}
[21.412212] (turtlebot3_simulations) StdoutLine: {'line': b'-- Installing: /home/ali-suleiman/first_slam_project/install/turtlebot3_simulations/share/turtlebot3_simulations/local_setup.dsv\n'}
[21.412351] (turtlebot3_simulations) StdoutLine: {'line': b'-- Installing: /home/ali-suleiman/first_slam_project/install/turtlebot3_simulations/share/turtlebot3_simulations/package.dsv\n'}
[21.412557] (turtlebot3_simulations) StdoutLine: {'line': b'-- Installing: /home/ali-suleiman/first_slam_project/install/turtlebot3_simulations/share/ament_index/resource_index/packages/turtlebot3_simulations\n'}
[21.412763] (turtlebot3_simulations) StdoutLine: {'line': b'-- Installing: /home/ali-suleiman/first_slam_project/install/turtlebot3_simulations/share/turtlebot3_simulations/cmake/turtlebot3_simulationsConfig.cmake\n'}
[21.412959] (turtlebot3_simulations) StdoutLine: {'line': b'-- Installing: /home/ali-suleiman/first_slam_project/install/turtlebot3_simulations/share/turtlebot3_simulations/cmake/turtlebot3_simulationsConfig-version.cmake\n'}
[21.413143] (turtlebot3_simulations) StdoutLine: {'line': b'-- Installing: /home/ali-suleiman/first_slam_project/install/turtlebot3_simulations/share/turtlebot3_simulations/package.xml\n'}
[21.415037] (turtlebot3_simulations) CommandEnded: {'returncode': 0}
[21.431196] (turtlebot3_simulations) JobEnded: {'identifier': 'turtlebot3_simulations', 'rc': 0}
[21.432081] (-) EventReactorShutdown: {}
